user_id,first_visit_date,age,platform,screen_list,session_count,total_screens_viewed,used_search_feature,wrote_review,added_to_wishlist,made_purchase,purchase_date,user_segment,region,acquisition_channel,app_version
110299,2022-01-24,42,iOS,"OrderTracking,Search,ReturnPolicy,ProductDetail,Help,PaymentMethods,Checkout,Home,Account,Notifications",6,18,0,0,0,1,2022-01-24 02:00:00,Teen Browser,Europe,Social Media,2.0.5
110300,2024-06-02,30,iOS,"Checkout,Promotions,Reviews,CategoryBrowse,ShoppingCart,WishList,ReturnPolicy",8,52,0,0,1,1,2024-06-02 12:00:00,Young Buyer,North America,Organic Search,2.2.1
110301,2024-06-24,32,iOS,"Search,Promotions,PaymentMethods,CategoryBrowse,WishList,ProductDetail,Home",10,91,0,1,1,1,2024-06-24 19:00:00,Teen Browser,Latin America,Organic Search,2.3.1
110302,2022-10-08,65,Android,"ShoppingCart,ReturnPolicy,Home,OrderTracking,PaymentMethods,Notifications,Search,Checkout",4,33,1,0,1,1,2022-10-08 16:00:00,Senior Buyer,Europe,Referral,2.0.5
110303,2024-10-18,30,iOS,"Home,Reviews,Notifications,PaymentMethods,ReturnPolicy,Help,ProductDetail",9,46,0,0,1,1,2024-10-18 19:00:00,Senior Browser,Middle East,Paid Search,2.1.0
110304,2023-02-15,44,Android,"ProductDetail,ShoppingCart,Notifications,ColorPicker,CategoryBrowse,Reviews,Help,OrderTracking,Search,ProductList",7,33,0,0,0,1,2023-02-15 05:00:00,Teen Browser,Europe,Email Campaign,2.2.8
110305,2022-07-30,22,iOS,"Promotions,Home,Help,ColorPicker,ProductList",10,36,1,1,1,1,2022-07-30 09:00:00,Young Buyer,Middle East,Email Campaign,2.0.8
110306,2024-06-16,66,Android,"WishList,PaymentMethods,Reviews,Home,Notifications,ProductDetail,ShoppingCart,ColorPicker,OrderTracking",6,51,0,1,1,1,2024-06-16 04:00:00,Senior Buyer,Asia Pacific,Paid Search,2.0.8
110307,2024-04-12,25,iOS,"WishList,PaymentMethods,ProductList,Notifications,OrderTracking,Search,Checkout,Promotions,ShoppingCart,Account",9,63,1,0,1,1,2024-04-12 09:00:00,Teen Browser,Latin America,Organic Search,2.0.8
110308,2023-04-04,39,iOS,"Notifications,Search,OrderTracking,ShoppingCart,ProductList,ReturnPolicy,PaymentMethods",8,22,1,0,0,1,2023-04-04 16:00:00,Senior Browser,Latin America,Email Campaign,2.0.8
110309,2022-03-10,21,Android,"ProductDetail,Checkout,CategoryBrowse,Account,Home,Search,PaymentMethods,Reviews",1,7,0,1,0,1,2022-03-10 02:00:00,Senior Buyer,Asia Pacific,Referral,2.0.8
110310,2024-02-01,41,Android,"ProductDetail,Reviews,ShoppingCart,OrderTracking,ProductList",9,40,1,1,1,1,2024-02-01 09:00:00,Senior Browser,Asia Pacific,Paid Search,2.0.6
110311,2024-03-01,39,Android,"CategoryBrowse,Notifications,Home,ColorPicker,ReturnPolicy,ProductDetail,PaymentMethods,ProductList",2,20,0,1,0,1,2024-03-01 08:00:00,Senior Buyer,Latin America,Paid Search,2.0.8
110312,2022-10-11,31,iOS,"Promotions,WishList,Notifications,ProductList,ColorPicker,Help,CategoryBrowse,Search",5,47,0,1,1,1,2022-10-11 17:00:00,Senior Buyer,Middle East,Email Campaign,2.1.0
110313,2023-03-09,24,iOS,"Search,Help,Home,Reviews,ProductList",3,8,0,0,0,1,2023-03-09 14:00:00,Young Buyer,Latin America,Email Campaign,2.2.1
110314,2023-08-28,35,iOS,"Reviews,PaymentMethods,Search,ProductDetail,ProductList,Checkout,ColorPicker,OrderTracking",2,12,1,0,1,1,2023-08-28 08:00:00,Adult Browser,Europe,Social Media,2.3.1
110315,2022-07-12,72,iOS,"CategoryBrowse,ShoppingCart,Account,ProductList,Search,Help,Checkout",9,41,0,1,0,1,2022-07-12 15:00:00,Teen Browser,Asia Pacific,Social Media,2.0.6
110316,2022-07-31,18,iOS,"CategoryBrowse,Search,Home,Promotions,ReturnPolicy,ProductList,Notifications,ShoppingCart",4,17,1,0,0,1,2022-07-31 10:00:00,Young Buyer,Europe,Paid Search,2.3.1
110317,2023-03-23,27,Android,"WishList,Notifications,Help,ShoppingCart,ProductList,Checkout,ColorPicker,Promotions,Home,Search",4,33,0,1,0,1,2023-03-23 05:00:00,Senior Buyer,North America,Organic Search,2.1.0
110318,2024-07-11,48,Android,"OrderTracking,PaymentMethods,Search,Checkout,Account,Reviews,Home,Notifications,ProductList,Promotions",10,68,1,0,1,1,2024-07-11 01:00:00,Adult Browser,Latin America,Paid Search,2.3.1
110319,2022-01-28,53,iOS,"PaymentMethods,Reviews,ShoppingCart,CategoryBrowse,Account,Help",5,25,1,0,0,1,2022-01-28 05:00:00,Senior Browser,Asia Pacific,Referral,2.2.1
110320,2022-07-08,52,iOS,"ProductList,ShoppingCart,ReturnPolicy,ColorPicker,Notifications,PaymentMethods",6,16,0,1,1,1,2022-07-08 15:00:00,Young Buyer,Middle East,Organic Search,2.3.1
110321,2023-12-22,44,iOS,"ColorPicker,Account,WishList,Checkout,ProductDetail,Notifications,OrderTracking",7,41,0,0,1,1,2023-12-22 04:00:00,Young Buyer,Asia Pacific,Paid Search,2.0.5
110322,2022-08-31,67,Android,"Account,Notifications,Promotions,Checkout,Home,Search,PaymentMethods,WishList,ProductList",4,6,1,1,1,1,2022-08-31 22:00:00,Young Buyer,Europe,Email Campaign,2.0.6
110323,2024-08-16,39,iOS,"CategoryBrowse,Checkout,ReturnPolicy,Notifications,Account,Home,Help,Promotions",8,10,0,0,0,1,2024-08-16 14:00:00,Adult Browser,Middle East,Organic Search,2.1.0
110324,2024-02-10,31,iOS,"Home,Promotions,WishList,ShoppingCart,Checkout,Help",5,24,1,0,1,1,2024-02-10 05:00:00,Senior Browser,Europe,Paid Search,2.0.5
110325,2023-06-03,37,iOS,"OrderTracking,Reviews,Account,ProductDetail,Checkout",6,57,0,1,0,1,2023-06-03 06:00:00,Senior Buyer,North America,Referral,2.1.0
110326,2023-07-25,25,Android,"WishList,Search,Home,Help,Notifications,Reviews,PaymentMethods,Account,Promotions",5,45,1,0,0,1,2023-07-25 11:00:00,Senior Browser,Middle East,Organic Search,2.0.8
110327,2024-03-31,53,Android,"PaymentMethods,ReturnPolicy,Home,Search,Notifications,CategoryBrowse,Checkout",1,7,0,0,1,1,2024-03-31 13:00:00,Young Buyer,Middle East,Social Media,2.2.8
110328,2022-04-27,22,iOS,"Reviews,CategoryBrowse,Help,Account,Promotions,ProductList,ShoppingCart,ColorPicker",6,13,0,0,0,1,2022-04-27 21:00:00,Senior Browser,Europe,Social Media,2.0.6
110329,2024-07-19,64,Android,"CategoryBrowse,Account,Promotions,Home,Search,Checkout,Help,ReturnPolicy,PaymentMethods",4,7,1,1,0,1,2024-07-19 07:00:00,Teen Browser,Latin America,Organic Search,2.1.0
110330,2022-05-27,18,Android,"Checkout,PaymentMethods,Search,CategoryBrowse,Home,ProductList,ColorPicker,OrderTracking,Notifications",2,20,0,1,0,1,2022-05-27 13:00:00,Senior Browser,Latin America,Email Campaign,2.2.1
110331,2022-03-15,51,Android,"CategoryBrowse,ReturnPolicy,Home,Help,ColorPicker,ProductList,Notifications",10,57,1,0,0,1,2022-03-15 08:00:00,Young Buyer,Middle East,Referral,2.0.6
110332,2023-02-20,22,iOS,"ProductList,CategoryBrowse,PaymentMethods,Reviews,ShoppingCart",1,7,0,0,0,1,2023-02-20 05:00:00,Senior Browser,Latin America,Email Campaign,2.2.8
110333,2024-01-13,25,Android,"Notifications,Promotions,ProductDetail,CategoryBrowse,ShoppingCart,Help,Account,ReturnPolicy,WishList",9,48,0,1,0,1,2024-01-13 22:00:00,Young Buyer,Europe,Social Media,2.0.6
110334,2023-05-24,67,Android,"ColorPicker,Promotions,ProductDetail,ReturnPolicy,Home,Reviews,ProductList,Notifications,Checkout,OrderTracking",4,12,0,0,1,1,2023-05-24 14:00:00,Teen Browser,Europe,Paid Search,2.0.5
110335,2024-08-19,52,Android,"Notifications,Search,CategoryBrowse,Help,Home,ProductList,ShoppingCart",3,20,1,0,0,1,2024-08-19 03:00:00,Senior Buyer,Asia Pacific,Social Media,2.0.5
110336,2022-02-14,52,iOS,"Notifications,Search,WishList,Checkout,Home",3,24,1,0,0,1,2022-02-14 23:00:00,Senior Buyer,Latin America,Social Media,2.0.8
110337,2022-08-12,68,iOS,"Search,Promotions,Help,ProductList,Reviews,OrderTracking",1,6,0,1,1,1,2022-08-12 23:00:00,Senior Browser,Europe,Paid Search,2.0.5
110338,2022-02-15,30,iOS,"Account,ColorPicker,WishList,Notifications,ShoppingCart,Checkout",6,17,0,1,1,1,2022-02-15 05:00:00,Young Buyer,Middle East,Organic Search,2.0.5
110339,2024-09-26,41,Android,"Checkout,Search,ShoppingCart,ReturnPolicy,Help,ProductDetail,WishList,Promotions,OrderTracking",7,49,0,1,1,1,2024-09-26 11:00:00,Senior Buyer,North America,Paid Search,2.3.1
110340,2024-10-03,25,iOS,"PaymentMethods,OrderTracking,Home,CategoryBrowse,Checkout,ProductDetail,ProductList",8,19,0,0,1,1,2024-10-03 16:00:00,Teen Browser,Asia Pacific,Organic Search,2.0.5
110341,2023-10-12,28,Android,"Checkout,Home,ProductList,OrderTracking,Account,ColorPicker",4,25,1,0,0,1,2023-10-12 08:00:00,Teen Browser,Latin America,Social Media,2.1.0
110342,2024-09-01,75,iOS,"OrderTracking,ShoppingCart,ReturnPolicy,Reviews,Home,WishList,ColorPicker",5,26,0,0,0,1,2024-09-01 07:00:00,Adult Browser,Europe,Paid Search,2.1.0
110343,2023-09-15,45,iOS,"Reviews,ReturnPolicy,Account,WishList,Home,ShoppingCart,Checkout",7,67,1,0,1,1,2023-09-15 13:00:00,Senior Browser,Europe,Social Media,2.1.0
110344,2024-09-26,61,iOS,"Reviews,WishList,ShoppingCart,Checkout,ReturnPolicy",3,30,0,0,1,1,2024-09-26 11:00:00,Adult Browser,Asia Pacific,Social Media,2.0.5
110345,2024-03-25,36,Android,"Promotions,Search,WishList,Help,Reviews,OrderTracking,ProductList",9,86,1,1,1,1,2024-03-25 13:00:00,Senior Browser,Asia Pacific,Organic Search,2.3.1
110346,2022-02-01,65,Android,"ColorPicker,Account,WishList,CategoryBrowse,OrderTracking",6,16,0,1,0,1,2022-02-01 16:00:00,Adult Browser,Europe,Email Campaign,2.0.8
110347,2022-11-23,66,Android,"Help,WishList,Search,Account,ColorPicker,CategoryBrowse,ReturnPolicy,Notifications,Reviews,OrderTracking",5,44,1,0,1,1,2022-11-23 03:00:00,Young Buyer,Europe,Social Media,2.1.0
110348,2024-12-01,62,iOS,"WishList,ProductDetail,Help,Promotions,CategoryBrowse,ShoppingCart",3,9,0,1,1,1,2024-12-01 08:00:00,Teen Browser,Asia Pacific,Social Media,2.0.5
110349,2023-09-17,35,Android,"PaymentMethods,Reviews,Home,Account,ColorPicker",7,64,0,1,1,1,2023-09-17 13:00:00,Teen Browser,North America,Social Media,2.0.8
110350,2023-03-28,45,iOS,"ShoppingCart,ProductDetail,CategoryBrowse,ReturnPolicy,Search,Checkout,WishList,OrderTracking,Help",7,24,0,1,0,1,2023-03-28 20:00:00,Teen Browser,Asia Pacific,Organic Search,2.3.1
110351,2024-09-12,38,Android,"ShoppingCart,Reviews,WishList,Help,ColorPicker,PaymentMethods,ProductDetail,CategoryBrowse",4,25,1,1,0,1,2024-09-12 06:00:00,Adult Browser,Europe,Email Campaign,2.2.8
110352,2022-12-02,25,Android,"Notifications,ReturnPolicy,Help,CategoryBrowse,Search,OrderTracking",1,3,1,0,0,1,2022-12-02 15:00:00,Young Buyer,Middle East,Referral,2.0.5
110353,2023-07-24,18,iOS,"WishList,Help,ColorPicker,Checkout,Notifications,ReturnPolicy,Search,Promotions,ShoppingCart",1,8,0,0,1,1,2023-07-24 09:00:00,Teen Browser,North America,Paid Search,2.1.0
110354,2022-09-06,32,iOS,"ProductDetail,WishList,Checkout,Account,Search,Home",2,11,1,0,0,1,2022-09-06 20:00:00,Senior Browser,Asia Pacific,Paid Search,2.2.8
110355,2022-04-06,72,iOS,"Help,ProductDetail,ReturnPolicy,Promotions,Notifications,ShoppingCart",7,37,1,1,1,1,2022-04-06 08:00:00,Senior Buyer,North America,Email Campaign,2.0.6
110356,2023-03-06,31,Android,"Search,Checkout,WishList,Notifications,Account,ShoppingCart,Reviews",9,67,1,0,0,1,2023-03-06 01:00:00,Senior Browser,Middle East,Paid Search,2.2.8
110357,2023-08-22,41,Android,"Checkout,Search,PaymentMethods,Help,ReturnPolicy,Promotions,ShoppingCart,Home",8,42,0,1,1,1,2023-08-22 16:00:00,Teen Browser,Asia Pacific,Referral,2.0.5
110358,2022-02-28,47,Android,"ProductList,ProductDetail,OrderTracking,PaymentMethods,ReturnPolicy,Account",8,55,0,1,0,1,2022-02-28 15:00:00,Senior Buyer,Europe,Paid Search,2.0.8
110359,2024-03-08,59,iOS,"PaymentMethods,Promotions,ProductDetail,ProductList,Help,Checkout,Notifications,ShoppingCart,Home",10,87,0,0,1,1,2024-03-08 19:00:00,Teen Browser,North America,Referral,2.2.8
110360,2022-03-11,32,Android,"Search,ProductList,PaymentMethods,Checkout,OrderTracking",7,40,0,1,0,1,2022-03-11 19:00:00,Young Buyer,Asia Pacific,Paid Search,2.2.1
110361,2023-06-08,59,iOS,"ProductList,Home,Account,Checkout,PaymentMethods,WishList,ProductDetail,Notifications",9,69,0,1,0,1,2023-06-08 14:00:00,Teen Browser,Asia Pacific,Paid Search,2.0.6
110362,2023-02-09,54,iOS,"WishList,Search,Account,Notifications,ShoppingCart,Home",6,48,1,1,1,1,2023-02-09 05:00:00,Senior Browser,Middle East,Paid Search,2.0.5
110363,2024-01-30,30,iOS,"ReturnPolicy,PaymentMethods,ProductDetail,ColorPicker,CategoryBrowse,Home,WishList,Help,Account",5,29,0,1,0,1,2024-01-30 04:00:00,Senior Browser,Latin America,Paid Search,2.0.5
110364,2023-09-17,37,Android,"OrderTracking,ShoppingCart,Search,Notifications,ProductDetail,Account",10,27,1,1,0,1,2023-09-17 05:00:00,Teen Browser,Asia Pacific,Email Campaign,2.3.1
110365,2022-09-15,43,Android,"ShoppingCart,Checkout,Reviews,Account,Notifications,ReturnPolicy,Help",7,59,1,1,0,1,2022-09-15 21:00:00,Senior Buyer,Asia Pacific,Email Campaign,2.2.8
110366,2023-08-05,53,iOS,"Account,ColorPicker,ReturnPolicy,WishList,ShoppingCart,Home",4,4,0,0,0,1,2023-08-05 15:00:00,Young Buyer,Middle East,Referral,2.1.0
110367,2022-07-16,29,iOS,"ShoppingCart,Account,Help,ProductList,Home",9,67,1,1,1,1,2022-07-16 06:00:00,Senior Buyer,Latin America,Social Media,2.1.0
110368,2024-08-11,63,iOS,"Account,ProductDetail,ReturnPolicy,Reviews,ProductList,WishList,PaymentMethods,Promotions,OrderTracking,ColorPicker",7,25,0,1,0,1,2024-08-11 18:00:00,Teen Browser,North America,Referral,2.2.8
110369,2023-12-31,53,iOS,"CategoryBrowse,ProductList,WishList,ReturnPolicy,OrderTracking,Promotions,ShoppingCart",6,16,0,0,1,1,2023-12-31 03:00:00,Teen Browser,Latin America,Email Campaign,2.0.5
110370,2024-05-19,65,iOS,"PaymentMethods,Account,Search,Reviews,CategoryBrowse,ProductList",1,10,1,1,0,1,2024-05-19 12:00:00,Teen Browser,Latin America,Social Media,2.2.1
110371,2023-09-25,72,iOS,"Checkout,ProductList,Home,OrderTracking,Notifications,Search,Promotions",9,70,0,1,1,1,2023-09-25 19:00:00,Teen Browser,Latin America,Referral,2.0.8
110372,2022-04-13,69,Android,"OrderTracking,Reviews,Promotions,WishList,ReturnPolicy,Account,ShoppingCart,PaymentMethods,ColorPicker,CategoryBrowse",7,46,0,0,1,1,2022-04-13 07:00:00,Senior Buyer,Middle East,Paid Search,2.2.8
110373,2024-07-18,72,Android,"Home,Reviews,Notifications,OrderTracking,Account,Search",9,58,1,0,0,1,2024-07-18 23:00:00,Young Buyer,North America,Paid Search,2.0.5
110374,2024-01-18,21,iOS,"OrderTracking,ReturnPolicy,Checkout,Account,Notifications,CategoryBrowse",4,25,1,1,0,1,2024-01-18 10:00:00,Senior Buyer,North America,Referral,2.0.6
110375,2023-03-18,39,Android,"Reviews,ProductDetail,PaymentMethods,ProductList,Home,Account,Help,ColorPicker,CategoryBrowse",6,56,0,0,0,1,2023-03-18 08:00:00,Teen Browser,North America,Referral,2.0.6
110376,2024-09-26,33,iOS,"ProductDetail,CategoryBrowse,Account,PaymentMethods,Reviews,Checkout,Help",2,13,1,0,1,1,2024-09-26 10:00:00,Young Buyer,Middle East,Email Campaign,2.2.8
110377,2024-02-11,72,Android,"PaymentMethods,OrderTracking,Reviews,Notifications,Help,ProductList,ProductDetail,CategoryBrowse,Checkout,ReturnPolicy",5,11,1,1,0,1,2024-02-11 21:00:00,Adult Browser,Asia Pacific,Social Media,2.2.1
110378,2022-10-19,54,iOS,"Checkout,ColorPicker,ProductDetail,ShoppingCart,Notifications,Help,Promotions,Home,CategoryBrowse,PaymentMethods",6,35,0,0,1,1,2022-10-19 07:00:00,Teen Browser,Europe,Paid Search,2.2.8
110379,2024-05-20,33,iOS,"Account,CategoryBrowse,ProductList,Checkout,Home,PaymentMethods",10,36,1,0,0,1,2024-05-20 06:00:00,Senior Buyer,Middle East,Email Campaign,2.1.0
110380,2024-07-16,30,iOS,"ShoppingCart,ReturnPolicy,ProductList,Reviews,OrderTracking,ColorPicker,PaymentMethods",7,41,1,0,1,1,2024-07-16 02:00:00,Senior Buyer,Asia Pacific,Email Campaign,2.3.1
110381,2023-01-14,54,iOS,"Reviews,Notifications,WishList,OrderTracking,ProductList,PaymentMethods",2,8,1,1,1,1,2023-01-14 16:00:00,Teen Browser,Middle East,Organic Search,2.0.6
110382,2023-03-16,37,iOS,"Promotions,Notifications,WishList,Help,Home,ProductDetail,PaymentMethods,ProductList,ColorPicker",7,62,0,0,1,1,2023-03-16 09:00:00,Senior Buyer,Latin America,Social Media,2.3.1
110383,2024-05-29,51,iOS,"Help,Home,Promotions,ColorPicker,PaymentMethods,CategoryBrowse,Checkout,Reviews,Search",10,88,0,1,0,1,2024-05-29 15:00:00,Senior Browser,Asia Pacific,Paid Search,2.0.6
110384,2022-03-17,41,iOS,"ReturnPolicy,ProductList,ShoppingCart,Search,ColorPicker,PaymentMethods",10,98,1,1,0,1,2022-03-17 19:00:00,Adult Browser,Middle East,Social Media,2.3.1
110385,2022-10-31,71,iOS,"Promotions,ProductDetail,Home,OrderTracking,Search,ColorPicker",3,11,1,0,1,1,2022-10-31 09:00:00,Senior Browser,Latin America,Referral,2.2.1
110386,2023-09-01,29,iOS,"Reviews,ReturnPolicy,Notifications,Help,ColorPicker,Account,ProductDetail,OrderTracking,Promotions",7,63,0,1,1,1,2023-09-01 14:00:00,Teen Browser,Latin America,Paid Search,2.2.8
110387,2022-06-07,26,Android,"Reviews,ProductDetail,Home,ReturnPolicy,CategoryBrowse,PaymentMethods",10,63,1,1,0,1,2022-06-07 06:00:00,Senior Buyer,Europe,Organic Search,2.1.0
110388,2023-09-19,40,Android,"WishList,Help,ProductDetail,ProductList,PaymentMethods,ShoppingCart,Account,Notifications",2,20,0,1,1,1,2023-09-19 19:00:00,Teen Browser,North America,Email Campaign,2.1.0
110389,2023-07-01,72,Android,"Promotions,Search,ProductList,Help,WishList",5,39,0,0,0,1,2023-07-01 08:00:00,Senior Buyer,Latin America,Paid Search,2.3.1
110390,2023-05-08,63,iOS,"ShoppingCart,ProductList,CategoryBrowse,Home,Promotions,Account,Notifications,Help,Search,WishList",6,59,1,1,0,1,2023-05-08 17:00:00,Teen Browser,Middle East,Email Campaign,2.0.8
110391,2022-04-14,39,iOS,"ProductDetail,PaymentMethods,CategoryBrowse,Promotions,Help,ColorPicker,OrderTracking,WishList",6,59,0,1,0,1,2022-04-14 03:00:00,Senior Browser,North America,Paid Search,2.2.8
110392,2024-09-02,68,iOS,"Promotions,Notifications,WishList,Help,ProductList,PaymentMethods,Reviews,OrderTracking,ProductDetail",10,65,0,1,0,1,2024-09-02 02:00:00,Senior Buyer,North America,Referral,2.1.0
110393,2022-03-04,49,iOS,"Promotions,ColorPicker,ShoppingCart,Home,ReturnPolicy,ProductList,Help,Search",8,80,1,0,0,1,2022-03-04 23:00:00,Young Buyer,North America,Paid Search,2.1.0
110394,2022-05-24,62,iOS,"OrderTracking,ProductDetail,Notifications,Promotions,Reviews,Home,Checkout,ReturnPolicy,Account,Help",10,83,1,1,0,1,2022-05-24 19:00:00,Adult Browser,Europe,Organic Search,2.2.1
110395,2023-04-12,68,Android,"WishList,Notifications,ReturnPolicy,Reviews,Promotions,ColorPicker,Help,Search,Checkout,PaymentMethods",10,40,1,0,1,1,2023-04-12 15:00:00,Teen Browser,Latin America,Referral,2.2.1
110396,2024-03-04,23,iOS,"Search,OrderTracking,Promotions,Account,ProductList,CategoryBrowse",10,46,1,0,0,1,2024-03-04 04:00:00,Young Buyer,Asia Pacific,Referral,2.2.1
110397,2024-07-23,45,Android,"ProductDetail,ProductList,OrderTracking,Help,Account,Reviews",2,20,1,0,1,1,2024-07-23 10:00:00,Senior Browser,Middle East,Referral,2.2.8
110398,2022-02-15,45,Android,"Promotions,CategoryBrowse,OrderTracking,Notifications,ColorPicker,Search",2,2,0,1,0,1,2022-02-15 08:00:00,Adult Browser,Middle East,Email Campaign,2.3.1
110399,2022-03-14,25,Android,"ColorPicker,Help,OrderTracking,Home,Reviews",9,50,0,1,1,1,2022-03-14 09:00:00,Young Buyer,Latin America,Email Campaign,2.0.6
110400,2022-07-25,62,Android,"Help,WishList,Checkout,ShoppingCart,ProductDetail,ReturnPolicy",1,9,0,1,0,1,2022-07-25 21:00:00,Adult Browser,Latin America,Paid Search,2.0.5
110401,2024-01-05,41,Android,"ProductDetail,WishList,Notifications,OrderTracking,Account",4,31,1,1,1,1,2024-01-05 17:00:00,Adult Browser,Europe,Paid Search,2.0.5
110402,2022-03-09,44,iOS,"ReturnPolicy,Checkout,CategoryBrowse,ShoppingCart,Reviews,Notifications,Promotions,Home,ProductDetail,ColorPicker",10,71,1,0,0,1,2022-03-09 16:00:00,Adult Browser,Europe,Paid Search,2.0.6
110403,2023-10-27,68,iOS,"Checkout,WishList,ShoppingCart,Account,ReturnPolicy,Reviews",4,16,0,1,1,1,2023-10-27 10:00:00,Adult Browser,Asia Pacific,Referral,2.1.0
110404,2024-01-29,21,iOS,"Reviews,Home,ShoppingCart,ReturnPolicy,Promotions,CategoryBrowse,Notifications",8,20,1,1,0,1,2024-01-29 13:00:00,Teen Browser,Europe,Organic Search,2.3.1
110405,2022-02-23,36,Android,"Reviews,Home,OrderTracking,ShoppingCart,ProductList,Account,ProductDetail,WishList,Help",5,22,0,0,0,1,2022-02-23 07:00:00,Young Buyer,North America,Paid Search,2.3.1
110406,2023-06-25,67,iOS,"ColorPicker,Reviews,ProductList,Help,Search",6,14,1,1,1,1,2023-06-25 01:00:00,Senior Browser,Asia Pacific,Social Media,2.3.1
110407,2022-03-07,39,iOS,"ColorPicker,Notifications,ProductList,CategoryBrowse,Checkout",3,10,0,1,1,1,2022-03-07 20:00:00,Adult Browser,Middle East,Paid Search,2.0.8
110408,2023-06-12,67,iOS,"Reviews,ProductDetail,Notifications,ProductList,Help,Promotions,CategoryBrowse",9,29,1,0,1,1,2023-06-12 20:00:00,Young Buyer,Latin America,Organic Search,2.0.8
110409,2023-11-26,75,iOS,"Help,CategoryBrowse,ColorPicker,ProductList,OrderTracking,Promotions,WishList,Account,ReturnPolicy",6,41,1,1,1,1,2023-11-26 01:00:00,Adult Browser,Europe,Social Media,2.1.0
110410,2024-07-12,74,iOS,"Search,ProductList,Promotions,ProductDetail,PaymentMethods,Reviews,CategoryBrowse,Help,OrderTracking,Account",1,2,1,0,0,1,2024-07-12 20:00:00,Teen Browser,Europe,Email Campaign,2.3.1
110411,2022-08-17,25,Android,"OrderTracking,Reviews,Help,PaymentMethods,WishList,Search",2,3,0,1,0,1,2022-08-17 08:00:00,Senior Browser,Middle East,Referral,2.0.5
110412,2024-12-11,44,Android,"Help,Account,ProductDetail,ReturnPolicy,WishList",1,1,0,0,1,1,2024-12-11 19:00:00,Teen Browser,Middle East,Paid Search,2.0.5
110413,2022-12-24,75,iOS,"Account,Search,PaymentMethods,Notifications,ProductList,WishList,Home",5,20,0,1,0,1,2022-12-24 18:00:00,Senior Buyer,Latin America,Referral,2.2.1
110414,2024-10-12,65,Android,"ProductList,ProductDetail,Account,Home,ColorPicker,WishList,OrderTracking,PaymentMethods,CategoryBrowse,Reviews",10,10,0,0,1,1,2024-10-12 08:00:00,Senior Buyer,Europe,Paid Search,2.0.8
110415,2024-05-16,44,Android,"Home,ColorPicker,OrderTracking,Account,ReturnPolicy,Checkout,ShoppingCart",4,27,1,0,0,1,2024-05-16 05:00:00,Senior Buyer,Asia Pacific,Paid Search,2.0.6
110416,2022-12-27,74,iOS,"Notifications,ProductList,Checkout,Home,Account",7,67,1,1,0,1,2022-12-27 01:00:00,Senior Browser,North America,Organic Search,2.0.8
110417,2023-09-16,25,iOS,"ProductList,Reviews,CategoryBrowse,ShoppingCart,Checkout,Promotions,Notifications,ProductDetail,Account",3,17,0,0,1,1,2023-09-16 12:00:00,Teen Browser,North America,Referral,2.0.5
110418,2023-12-08,25,iOS,"ColorPicker,WishList,ProductDetail,Help,Promotions,Home,ShoppingCart",5,32,1,1,0,1,2023-12-08 03:00:00,Young Buyer,North America,Paid Search,2.2.8
110419,2022-05-13,35,iOS,"Notifications,Search,Reviews,Promotions,Help,WishList,OrderTracking,Home,ReturnPolicy,ProductList",6,25,0,0,1,1,2022-05-13 19:00:00,Teen Browser,Europe,Paid Search,2.2.1
110420,2024-03-29,44,Android,"ShoppingCart,Promotions,Help,OrderTracking,Checkout,WishList,Search,Account,ColorPicker",10,93,0,0,0,1,2024-03-29 18:00:00,Teen Browser,Asia Pacific,Paid Search,2.3.1
110421,2023-01-12,52,iOS,"Help,ShoppingCart,Reviews,ProductDetail,WishList,PaymentMethods,ProductList,ColorPicker,Promotions,ReturnPolicy",10,89,0,1,0,1,2023-01-12 11:00:00,Senior Browser,Europe,Social Media,2.3.1
110422,2023-06-09,47,Android,"Checkout,ColorPicker,Account,CategoryBrowse,ProductList",7,62,0,1,0,1,2023-06-09 11:00:00,Young Buyer,North America,Paid Search,2.0.8
110423,2022-05-14,38,iOS,"Account,Notifications,Checkout,ReturnPolicy,Reviews,Search",6,23,0,0,0,1,2022-05-14 05:00:00,Senior Buyer,Europe,Social Media,2.2.1
110424,2024-03-31,68,Android,"CategoryBrowse,Account,Checkout,Promotions,ProductList,ProductDetail,Help,OrderTracking",10,93,1,1,0,1,2024-03-31 17:00:00,Adult Browser,North America,Email Campaign,2.0.8
110425,2022-07-23,60,Android,"Notifications,Promotions,Account,ColorPicker,WishList,Search,Home",4,34,0,0,1,1,2022-07-23 22:00:00,Senior Buyer,Europe,Email Campaign,2.2.1
110426,2023-10-30,37,Android,"Checkout,OrderTracking,ProductDetail,CategoryBrowse,WishList,Home,Help,Reviews",6,17,1,0,0,1,2023-10-30 04:00:00,Senior Buyer,Asia Pacific,Organic Search,2.2.8
110427,2023-09-03,63,iOS,"Checkout,ProductList,Reviews,ProductDetail,OrderTracking,Help,Notifications,WishList",2,19,0,0,1,1,2023-09-03 18:00:00,Senior Buyer,Asia Pacific,Organic Search,2.1.0
110428,2023-05-22,52,iOS,"Checkout,Reviews,Search,ReturnPolicy,ShoppingCart,ColorPicker,ProductList,PaymentMethods,Promotions,Help",6,52,0,0,0,1,2023-05-22 01:00:00,Senior Browser,Asia Pacific,Social Media,2.0.6
110429,2024-11-25,58,iOS,"Reviews,OrderTracking,Notifications,ReturnPolicy,WishList,ShoppingCart,CategoryBrowse",9,18,0,0,0,1,2024-11-25 18:00:00,Adult Browser,Asia Pacific,Paid Search,2.0.6
110430,2022-06-08,58,Android,"WishList,Checkout,Search,ShoppingCart,Promotions,ReturnPolicy",1,1,0,0,1,1,2022-06-08 08:00:00,Adult Browser,North America,Paid Search,2.2.8
110431,2024-07-30,34,iOS,"OrderTracking,ShoppingCart,Help,Notifications,Reviews,WishList",9,62,1,0,0,1,2024-07-30 23:00:00,Teen Browser,North America,Email Campaign,2.0.8
110432,2022-09-30,19,iOS,"CategoryBrowse,Home,ProductList,Checkout,Notifications,PaymentMethods",8,80,1,1,1,1,2022-09-30 12:00:00,Senior Browser,Europe,Organic Search,2.1.0
110433,2024-02-29,51,Android,"ReturnPolicy,ShoppingCart,ColorPicker,Search,OrderTracking,Notifications",9,68,0,1,1,1,2024-02-29 13:00:00,Senior Browser,Middle East,Organic Search,2.2.8
110434,2022-03-06,63,Android,"ColorPicker,Search,ProductDetail,ProductList,WishList,OrderTracking,Account,Checkout,CategoryBrowse,Notifications",10,35,1,1,0,1,2022-03-06 13:00:00,Young Buyer,Asia Pacific,Organic Search,2.1.0
110435,2024-12-11,32,iOS,"Promotions,ProductList,OrderTracking,Reviews,Search,ReturnPolicy,WishList,ProductDetail",10,72,0,0,1,1,2024-12-11 21:00:00,Young Buyer,Asia Pacific,Paid Search,2.2.1
110436,2024-03-20,66,iOS,"ColorPicker,ProductList,OrderTracking,Home,ShoppingCart,PaymentMethods,CategoryBrowse",4,5,1,1,1,1,2024-03-20 07:00:00,Adult Browser,Europe,Organic Search,2.1.0
110437,2024-07-15,59,iOS,"OrderTracking,Account,Promotions,Reviews,Search,ColorPicker,ReturnPolicy,Checkout,ShoppingCart,Home",5,37,1,0,1,1,2024-07-15 15:00:00,Young Buyer,Europe,Social Media,2.2.8
110438,2024-06-03,70,Android,"Notifications,ProductList,CategoryBrowse,ShoppingCart,Promotions",7,28,1,1,0,1,2024-06-03 22:00:00,Teen Browser,Middle East,Organic Search,2.2.1
110439,2023-07-12,40,Android,"WishList,Home,Checkout,ColorPicker,OrderTracking,ProductDetail,Reviews,Promotions,ProductList,Notifications",2,5,1,1,0,1,2023-07-12 04:00:00,Senior Buyer,North America,Organic Search,2.0.8
110440,2023-01-23,67,Android,"Checkout,Account,CategoryBrowse,ProductList,ShoppingCart,ProductDetail,Notifications,ColorPicker,Home,Promotions",10,21,0,1,1,1,2023-01-23 06:00:00,Adult Browser,Europe,Referral,2.0.5
110441,2023-09-15,20,iOS,"Reviews,ProductDetail,WishList,Home,CategoryBrowse,ShoppingCart,Help,OrderTracking,PaymentMethods,Checkout",6,7,1,1,1,1,2023-09-15 23:00:00,Young Buyer,Latin America,Paid Search,2.0.6
110442,2024-05-17,21,iOS,"ProductDetail,CategoryBrowse,Notifications,Reviews,Home,Account",1,1,1,1,1,1,2024-05-17 13:00:00,Adult Browser,Europe,Organic Search,2.2.1
110443,2022-05-16,31,Android,"ColorPicker,Help,Checkout,ProductList,ProductDetail,Account,Reviews,Promotions,Home",5,14,1,0,1,1,2022-05-16 13:00:00,Senior Buyer,North America,Organic Search,2.0.6
110444,2023-12-19,68,iOS,"WishList,ReturnPolicy,Search,Home,ProductList,Account,Help,ColorPicker,Notifications",6,28,1,0,0,1,2023-12-19 17:00:00,Senior Browser,Asia Pacific,Referral,2.0.8
110445,2024-07-07,37,Android,"ShoppingCart,ColorPicker,WishList,ReturnPolicy,ProductDetail,Help",6,9,0,0,0,1,2024-07-07 05:00:00,Young Buyer,Europe,Organic Search,2.2.1
110446,2023-06-05,34,iOS,"Account,Promotions,ShoppingCart,Checkout,Help,CategoryBrowse,ProductList",9,56,0,1,0,1,2023-06-05 05:00:00,Teen Browser,Middle East,Paid Search,2.0.5
110447,2023-08-17,72,iOS,"WishList,OrderTracking,ProductList,Notifications,ShoppingCart,ColorPicker,Help,Promotions,ReturnPolicy,Home",4,24,1,0,1,1,2023-08-17 08:00:00,Teen Browser,Asia Pacific,Referral,2.1.0
110448,2024-08-01,48,Android,"Promotions,ProductList,ReturnPolicy,Help,ColorPicker,WishList,Reviews",4,37,0,0,1,1,2024-08-01 11:00:00,Senior Browser,Latin America,Referral,2.0.8
110449,2022-05-30,51,iOS,"Account,Promotions,Help,PaymentMethods,Reviews,ProductList,Notifications,Search",5,46,0,1,1,1,2022-05-30 19:00:00,Young Buyer,Middle East,Social Media,2.0.6
110450,2023-09-22,22,iOS,"ReturnPolicy,Account,Search,Promotions,ShoppingCart,ProductDetail,OrderTracking,Checkout,PaymentMethods,Notifications",7,60,0,0,1,1,2023-09-22 22:00:00,Senior Browser,Latin America,Referral,2.0.8
110451,2022-12-12,54,Android,"PaymentMethods,ShoppingCart,Account,Reviews,WishList,Help",5,46,0,0,0,1,2022-12-12 09:00:00,Senior Buyer,North America,Organic Search,2.0.8
110452,2023-12-16,64,iOS,"PaymentMethods,Account,Reviews,WishList,Checkout,ReturnPolicy,CategoryBrowse,Search,OrderTracking",10,48,0,0,0,1,2023-12-16 01:00:00,Teen Browser,Asia Pacific,Organic Search,2.2.1
110453,2022-04-06,19,iOS,"Search,ShoppingCart,Reviews,Help,ReturnPolicy,OrderTracking,WishList,CategoryBrowse,ColorPicker,Notifications",2,15,1,1,0,1,2022-04-06 15:00:00,Young Buyer,Asia Pacific,Organic Search,2.1.0
110454,2024-02-17,32,Android,"Home,CategoryBrowse,PaymentMethods,Notifications,Account,Checkout",8,21,1,1,1,1,2024-02-17 03:00:00,Adult Browser,North America,Paid Search,2.2.1
110455,2024-09-30,20,iOS,"Promotions,Notifications,Home,ReturnPolicy,Reviews,PaymentMethods,Account,ShoppingCart",3,20,0,0,0,1,2024-09-30 21:00:00,Senior Buyer,Europe,Referral,2.2.1
110456,2023-01-17,25,Android,"CategoryBrowse,ShoppingCart,Reviews,Search,Checkout,Help,ColorPicker,WishList,ProductList,Promotions",6,26,1,1,1,1,2023-01-17 06:00:00,Teen Browser,Middle East,Paid Search,2.0.5
110457,2024-12-30,71,iOS,"Help,ShoppingCart,ProductList,Notifications,Home,Search,ProductDetail",10,51,0,1,0,1,2024-12-30 04:00:00,Young Buyer,North America,Referral,2.1.0
110458,2023-11-11,59,Android,"Account,CategoryBrowse,WishList,ShoppingCart,ProductList,PaymentMethods,Search,Help,ProductDetail",7,52,1,1,0,1,2023-11-11 08:00:00,Teen Browser,Asia Pacific,Paid Search,2.0.5
110459,2024-02-04,56,iOS,"ProductDetail,Search,Checkout,Promotions,CategoryBrowse,Notifications,WishList,Account,ShoppingCart",5,33,1,0,1,1,2024-02-04 16:00:00,Adult Browser,Latin America,Email Campaign,2.0.6
110460,2023-02-18,23,iOS,"Notifications,Promotions,Reviews,Home,Account,ShoppingCart,CategoryBrowse,Search,ColorPicker",9,69,1,1,1,1,2023-02-18 21:00:00,Teen Browser,North America,Email Campaign,2.1.0
110461,2024-03-13,37,Android,"OrderTracking,PaymentMethods,WishList,Promotions,Home",8,17,0,0,0,1,2024-03-13 03:00:00,Young Buyer,Latin America,Referral,2.0.5
110462,2024-10-04,33,iOS,"ShoppingCart,Home,Promotions,ColorPicker,ReturnPolicy,ProductDetail,Account,Reviews,OrderTracking,CategoryBrowse",4,12,1,0,1,1,2024-10-04 06:00:00,Senior Buyer,North America,Email Campaign,2.2.1
110463,2024-09-15,28,iOS,"Checkout,Search,ColorPicker,OrderTracking,CategoryBrowse,Notifications,ProductDetail,ProductList,Reviews,Home",5,12,1,1,0,1,2024-09-15 05:00:00,Senior Buyer,Latin America,Paid Search,2.0.5
110464,2023-05-15,32,iOS,"ReturnPolicy,ColorPicker,ShoppingCart,Account,Promotions,Search,WishList,CategoryBrowse",10,78,1,1,0,1,2023-05-15 05:00:00,Senior Buyer,Asia Pacific,Referral,2.0.5
110465,2022-03-18,74,Android,"Search,ReturnPolicy,WishList,ProductList,ProductDetail,Notifications,OrderTracking",6,34,0,1,1,1,2022-03-18 04:00:00,Young Buyer,Europe,Organic Search,2.0.8
110466,2024-12-10,50,Android,"Help,Search,ReturnPolicy,PaymentMethods,ColorPicker,Promotions,Reviews",9,81,0,1,0,1,2024-12-10 16:00:00,Senior Browser,Middle East,Referral,2.0.5
110467,2024-04-14,67,iOS,"PaymentMethods,ShoppingCart,OrderTracking,Promotions,ColorPicker,Checkout,Account",6,59,0,0,0,1,2024-04-14 16:00:00,Senior Buyer,Latin America,Organic Search,2.3.1
110468,2022-11-05,33,Android,"ProductList,Account,Promotions,Checkout,Search,Help,ReturnPolicy,OrderTracking,CategoryBrowse,Reviews",2,10,0,0,0,1,2022-11-05 19:00:00,Senior Browser,Europe,Referral,2.0.6
110469,2023-05-09,75,Android,"PaymentMethods,ReturnPolicy,Help,Account,Search",5,44,0,1,1,1,2023-05-09 20:00:00,Young Buyer,Europe,Paid Search,2.0.5
110470,2023-04-22,64,Android,"Reviews,ColorPicker,Account,CategoryBrowse,Checkout",1,3,1,0,0,1,2023-04-22 07:00:00,Senior Buyer,Europe,Paid Search,2.0.6
110471,2022-10-23,75,iOS,"ReturnPolicy,Notifications,Checkout,Home,WishList,CategoryBrowse,ColorPicker,PaymentMethods,Reviews,Help",3,15,0,1,0,1,2022-10-23 05:00:00,Senior Browser,Latin America,Email Campaign,2.0.6
110472,2022-05-24,59,iOS,"ShoppingCart,ProductList,ReturnPolicy,Account,Notifications,Home,PaymentMethods,CategoryBrowse",9,45,1,1,1,1,2022-05-24 09:00:00,Senior Buyer,Middle East,Social Media,2.2.1
110473,2023-11-06,68,iOS,"Account,Help,Search,Home,ShoppingCart,Notifications,ProductList",1,8,1,0,1,1,2023-11-06 01:00:00,Young Buyer,North America,Paid Search,2.0.6
110474,2024-06-23,72,Android,"WishList,ColorPicker,Help,Notifications,Search,Reviews,Promotions,Account,CategoryBrowse,Home",8,65,0,0,0,1,2024-06-23 23:00:00,Senior Browser,North America,Paid Search,2.2.8
110475,2024-12-15,30,Android,"Search,OrderTracking,Promotions,Help,ProductList,Checkout,ColorPicker,Home,ShoppingCart",10,58,1,0,0,1,2024-12-15 17:00:00,Senior Browser,North America,Social Media,2.3.1
110476,2022-01-18,35,iOS,"ProductDetail,ColorPicker,Notifications,Reviews,PaymentMethods",6,39,1,0,0,1,2022-01-18 23:00:00,Adult Browser,Asia Pacific,Email Campaign,2.2.1
110477,2022-11-14,33,Android,"Reviews,Help,Account,ShoppingCart,ProductList",8,78,1,1,0,1,2022-11-14 13:00:00,Young Buyer,Europe,Social Media,2.0.5
110478,2023-05-09,66,iOS,"Account,ProductList,Checkout,ShoppingCart,Reviews,Promotions,Notifications,CategoryBrowse,WishList",9,19,0,1,1,1,2023-05-09 22:00:00,Teen Browser,Latin America,Referral,2.2.1
110479,2022-04-04,18,Android,"Home,Help,Search,Account,ShoppingCart",1,7,0,1,1,1,2022-04-04 01:00:00,Senior Browser,North America,Social Media,2.1.0
110480,2023-03-09,70,iOS,"Reviews,WishList,ProductDetail,ReturnPolicy,Search,Notifications,ShoppingCart,Help",8,26,1,0,0,1,2023-03-09 02:00:00,Senior Buyer,Asia Pacific,Organic Search,2.3.1
110481,2024-06-24,67,Android,"Home,Notifications,ProductList,PaymentMethods,Account,Reviews,Checkout,ReturnPolicy,Promotions",3,5,0,0,1,1,2024-06-24 10:00:00,Young Buyer,North America,Organic Search,2.1.0
110482,2023-02-18,39,Android,"ColorPicker,Notifications,Reviews,PaymentMethods,Home",7,7,1,1,0,1,2023-02-18 16:00:00,Senior Buyer,Middle East,Organic Search,2.1.0
110483,2023-07-20,27,Android,"ProductDetail,Promotions,ProductList,OrderTracking,Account,PaymentMethods",4,35,0,1,0,1,2023-07-20 03:00:00,Senior Buyer,Middle East,Email Campaign,2.3.1
110484,2024-03-19,39,Android,"Notifications,WishList,ReturnPolicy,OrderTracking,ColorPicker,Promotions",2,2,1,1,0,1,2024-03-19 08:00:00,Young Buyer,Latin America,Email Campaign,2.2.8
110485,2023-05-02,73,iOS,"CategoryBrowse,PaymentMethods,ProductList,Home,WishList,ColorPicker,ProductDetail",9,70,1,0,1,1,2023-05-02 19:00:00,Teen Browser,Europe,Paid Search,2.0.8
110486,2024-07-27,18,Android,"WishList,ReturnPolicy,Search,ShoppingCart,Reviews",8,38,0,0,1,1,2024-07-27 19:00:00,Teen Browser,Middle East,Organic Search,2.1.0
110487,2023-07-06,30,Android,"Account,Help,ColorPicker,Notifications,OrderTracking,ShoppingCart,CategoryBrowse",1,7,0,1,1,1,2023-07-06 04:00:00,Adult Browser,Middle East,Paid Search,2.2.8
110488,2023-07-17,25,Android,"Search,WishList,Notifications,OrderTracking,ReturnPolicy,Help,ShoppingCart,Reviews,ColorPicker,Account",10,76,0,0,1,1,2023-07-17 18:00:00,Young Buyer,Middle East,Email Campaign,2.1.0
110489,2024-03-15,72,iOS,"ProductDetail,ReturnPolicy,ProductList,PaymentMethods,ShoppingCart,WishList,Checkout,ColorPicker",1,4,1,1,0,1,2024-03-15 20:00:00,Senior Buyer,Latin America,Social Media,2.2.1
110490,2022-04-12,43,iOS,"Home,OrderTracking,Checkout,Help,ShoppingCart,WishList,ProductList",5,32,1,1,1,1,2022-04-12 01:00:00,Teen Browser,North America,Paid Search,2.2.8
110491,2024-06-05,32,iOS,"Search,Promotions,ShoppingCart,WishList,ReturnPolicy,ProductDetail,ColorPicker,Help,PaymentMethods,Home",2,20,0,1,0,1,2024-06-05 17:00:00,Young Buyer,Middle East,Social Media,2.0.5
110492,2022-01-25,67,Android,"Help,OrderTracking,ReturnPolicy,ColorPicker,ShoppingCart,ProductDetail,Notifications,Reviews,Account,Search",7,19,1,1,1,1,2022-01-25 02:00:00,Adult Browser,North America,Email Campaign,2.2.8
110493,2023-04-23,43,iOS,"OrderTracking,PaymentMethods,Reviews,Search,WishList,ShoppingCart",7,24,1,0,0,1,2023-04-23 12:00:00,Young Buyer,Middle East,Organic Search,2.2.1
110494,2022-11-22,45,Android,"ShoppingCart,ProductDetail,ProductList,CategoryBrowse,Account,ReturnPolicy,Help,OrderTracking,Reviews,ColorPicker",5,13,0,1,0,1,2022-11-22 08:00:00,Adult Browser,Europe,Organic Search,2.0.6
110495,2023-10-12,23,iOS,"ShoppingCart,PaymentMethods,Account,Home,Help,ProductList,ProductDetail,CategoryBrowse,Promotions,ReturnPolicy",9,67,0,0,1,1,2023-10-12 01:00:00,Senior Buyer,Europe,Email Campaign,2.2.8
110496,2022-12-16,52,iOS,"ProductList,Notifications,Promotions,Search,Help,Account,ShoppingCart,OrderTracking,CategoryBrowse,WishList",5,20,1,1,0,1,2022-12-16 20:00:00,Teen Browser,Middle East,Paid Search,2.2.1
110497,2022-11-11,56,iOS,"Checkout,CategoryBrowse,Home,Reviews,Notifications,Account",3,18,0,1,0,1,2022-11-11 03:00:00,Adult Browser,North America,Organic Search,2.0.8
110498,2023-10-27,72,iOS,"ReturnPolicy,PaymentMethods,Help,ShoppingCart,Search,Notifications",10,90,1,0,0,1,2023-10-27 10:00:00,Young Buyer,North America,Social Media,2.0.5
110499,2022-07-16,62,Android,"Home,ProductDetail,ColorPicker,CategoryBrowse,Account,PaymentMethods",9,84,1,1,1,1,2022-07-16 18:00:00,Senior Buyer,North America,Paid Search,2.2.8
110500,2023-05-30,19,iOS,"ColorPicker,Account,ProductDetail,Help,Home,Checkout,ReturnPolicy,CategoryBrowse,PaymentMethods",5,29,0,0,1,1,2023-05-30 06:00:00,Senior Browser,Europe,Email Campaign,2.2.1
110501,2023-09-24,38,Android,"PaymentMethods,ProductList,Account,ReturnPolicy,Search,ColorPicker",2,4,1,1,1,1,2023-09-24 11:00:00,Adult Browser,Latin America,Referral,2.0.5
110502,2024-04-10,45,iOS,"OrderTracking,ReturnPolicy,ProductDetail,CategoryBrowse,Search,ShoppingCart,ProductList,Help",7,57,1,0,1,1,2024-04-10 11:00:00,Senior Buyer,Latin America,Paid Search,2.0.5
110503,2024-06-29,64,iOS,"Checkout,Home,Search,Help,Reviews",6,34,1,1,1,1,2024-06-29 23:00:00,Adult Browser,Middle East,Referral,2.2.8
110504,2023-01-27,75,iOS,"PaymentMethods,WishList,ShoppingCart,ProductDetail,ColorPicker,CategoryBrowse,ReturnPolicy,Search,Promotions",2,15,1,0,1,1,2023-01-27 02:00:00,Senior Buyer,North America,Paid Search,2.0.5
110505,2024-08-28,28,Android,"Account,Promotions,ProductDetail,Help,ShoppingCart,Checkout,ColorPicker,WishList,Home",2,13,1,1,1,1,2024-08-28 03:00:00,Senior Browser,Latin America,Email Campaign,2.0.6
110506,2022-03-18,45,iOS,"Home,Notifications,ProductList,ReturnPolicy,ProductDetail,Promotions",8,26,1,1,0,1,2022-03-18 14:00:00,Young Buyer,North America,Organic Search,2.2.1
110507,2023-01-06,29,iOS,"ShoppingCart,ColorPicker,Notifications,OrderTracking,Search,Help,Home,CategoryBrowse",5,25,0,0,0,1,2023-01-06 12:00:00,Young Buyer,Europe,Paid Search,2.1.0
110508,2022-03-18,66,iOS,"ProductList,PaymentMethods,ProductDetail,Help,Promotions,ReturnPolicy,Search,Home,Checkout",5,5,0,1,0,1,2022-03-18 05:00:00,Teen Browser,Asia Pacific,Social Media,2.0.5
110509,2022-04-18,21,Android,"Reviews,OrderTracking,ProductList,ShoppingCart,Search,Account,Checkout,PaymentMethods",9,26,0,0,1,1,2022-04-18 02:00:00,Senior Buyer,Middle East,Organic Search,2.1.0
110510,2024-08-21,50,iOS,"Account,ProductDetail,CategoryBrowse,PaymentMethods,ReturnPolicy,Notifications,ShoppingCart",3,26,1,1,0,1,2024-08-21 09:00:00,Senior Browser,Middle East,Email Campaign,2.0.6
110511,2024-11-25,43,iOS,"CategoryBrowse,PaymentMethods,Help,ProductDetail,Notifications,ColorPicker,Reviews",1,1,0,0,1,1,2024-11-25 01:00:00,Senior Browser,Middle East,Social Media,2.0.6
110512,2023-12-28,56,Android,"Home,ProductList,CategoryBrowse,OrderTracking,Promotions,ShoppingCart,Notifications,Account",8,57,0,0,0,1,2023-12-28 12:00:00,Senior Buyer,Asia Pacific,Referral,2.1.0
110513,2022-09-04,36,Android,"Reviews,ReturnPolicy,Notifications,Account,WishList",10,63,0,1,1,1,2022-09-04 03:00:00,Young Buyer,Europe,Email Campaign,2.0.8
110514,2023-09-07,67,iOS,"ProductList,Checkout,Home,Reviews,ProductDetail,ColorPicker,Account,ShoppingCart",7,16,1,0,1,1,2023-09-07 04:00:00,Senior Buyer,North America,Social Media,2.1.0
110515,2022-03-25,58,iOS,"CategoryBrowse,Notifications,Checkout,ProductDetail,Promotions",5,32,0,1,1,1,2022-03-25 21:00:00,Senior Buyer,Middle East,Paid Search,2.0.5
110516,2022-07-13,22,Android,"Promotions,Account,ProductList,CategoryBrowse,ShoppingCart",9,14,1,1,1,1,2022-07-13 05:00:00,Teen Browser,Europe,Referral,2.0.8
110517,2022-10-15,26,iOS,"Promotions,PaymentMethods,Reviews,Notifications,ProductDetail,ProductList,Home,Checkout",8,29,1,0,0,1,2022-10-15 15:00:00,Teen Browser,Middle East,Email Campaign,2.0.5
110518,2023-09-08,32,iOS,"Checkout,ReturnPolicy,ShoppingCart,Account,OrderTracking,Home,WishList,ProductDetail",5,23,1,0,0,1,2023-09-08 20:00:00,Senior Buyer,Europe,Social Media,2.0.5
110519,2024-04-26,27,Android,"ProductDetail,WishList,OrderTracking,ShoppingCart,ColorPicker",7,15,0,1,1,1,2024-04-26 16:00:00,Young Buyer,Europe,Email Campaign,2.0.6
110520,2023-10-26,34,Android,"Search,ProductList,Notifications,Reviews,Home,PaymentMethods,ColorPicker",10,20,1,0,1,1,2023-10-26 02:00:00,Senior Browser,Asia Pacific,Paid Search,2.2.8
110521,2024-04-29,51,Android,"Reviews,PaymentMethods,ColorPicker,Home,OrderTracking,Search",7,54,1,1,0,1,2024-04-29 22:00:00,Adult Browser,Middle East,Email Campaign,2.2.1
110522,2023-09-09,70,Android,"OrderTracking,ColorPicker,Account,CategoryBrowse,PaymentMethods,Reviews,ProductList",7,37,1,0,0,1,2023-09-09 07:00:00,Teen Browser,Middle East,Organic Search,2.0.5
110523,2024-01-06,42,Android,"PaymentMethods,Checkout,Reviews,Home,Account,Search,ProductList,Promotions,ShoppingCart,ReturnPolicy",4,22,0,1,1,1,2024-01-06 06:00:00,Adult Browser,Latin America,Paid Search,2.3.1
110524,2024-03-28,38,Android,"Account,Search,CategoryBrowse,Checkout,Help",10,48,0,0,0,1,2024-03-28 02:00:00,Senior Buyer,Middle East,Referral,2.0.6
110525,2022-07-26,32,Android,"OrderTracking,ProductDetail,Search,ShoppingCart,ReturnPolicy,CategoryBrowse,Promotions",3,30,1,1,0,1,2022-07-26 02:00:00,Adult Browser,Europe,Paid Search,2.2.8
110526,2023-05-17,35,iOS,"ProductDetail,Checkout,ProductList,OrderTracking,Reviews,ShoppingCart,Account",3,3,0,1,1,1,2023-05-17 18:00:00,Young Buyer,Asia Pacific,Organic Search,2.1.0
110527,2022-03-17,45,iOS,"Reviews,ProductList,PaymentMethods,Account,Notifications,Search",6,28,0,1,1,1,2022-03-17 22:00:00,Adult Browser,Latin America,Organic Search,2.0.8
110528,2023-04-23,44,iOS,"WishList,Help,ColorPicker,OrderTracking,Notifications",3,16,0,1,0,1,2023-04-23 22:00:00,Young Buyer,Latin America,Organic Search,2.2.8
110529,2024-11-07,21,Android,"CategoryBrowse,Help,Home,ProductDetail,Reviews,Promotions,Notifications,ColorPicker",8,54,1,1,0,1,2024-11-07 21:00:00,Young Buyer,Middle East,Organic Search,2.0.8
110530,2022-06-12,60,iOS,"ProductDetail,Help,Notifications,WishList,Search,Reviews,Promotions",3,11,0,1,0,1,2022-06-12 17:00:00,Young Buyer,North America,Email Campaign,2.2.1
110531,2024-07-05,25,Android,"Help,Checkout,ShoppingCart,ProductDetail,Notifications",8,17,1,0,0,1,2024-07-05 11:00:00,Young Buyer,North America,Social Media,2.1.0
110532,2022-12-08,31,iOS,"ReturnPolicy,Home,Notifications,ShoppingCart,Search",1,8,0,1,0,1,2022-12-08 05:00:00,Young Buyer,Latin America,Email Campaign,2.2.1
110533,2024-11-29,70,iOS,"Help,Reviews,Account,Promotions,Home,ShoppingCart,CategoryBrowse,WishList,Notifications,OrderTracking",1,9,0,1,1,1,2024-11-29 05:00:00,Adult Browser,North America,Referral,2.2.8
110534,2024-07-04,57,Android,"ProductList,Checkout,Home,Notifications,ShoppingCart,WishList,ColorPicker,Promotions,Reviews",2,12,0,0,1,1,2024-07-04 01:00:00,Young Buyer,Latin America,Organic Search,2.3.1
110535,2024-05-26,32,Android,"Account,Notifications,ProductList,Help,Search,ProductDetail,Home,ReturnPolicy,Promotions",1,8,1,1,1,1,2024-05-26 04:00:00,Teen Browser,Europe,Email Campaign,2.2.8
110536,2024-03-17,26,Android,"Account,ProductList,Checkout,Search,ShoppingCart,WishList,ColorPicker,Help,OrderTracking",2,10,0,1,1,1,2024-03-17 12:00:00,Adult Browser,Middle East,Email Campaign,2.0.6
110537,2022-03-08,28,iOS,"Notifications,CategoryBrowse,Checkout,ProductDetail,Help,WishList,ColorPicker",10,89,0,1,0,1,2022-03-08 18:00:00,Senior Browser,North America,Social Media,2.1.0
110538,2023-04-17,46,Android,"ReturnPolicy,Home,Promotions,Help,Checkout,ProductDetail,ColorPicker,Account,WishList",6,14,0,1,0,1,2023-04-17 03:00:00,Young Buyer,Europe,Email Campaign,2.0.8
110539,2024-05-07,25,iOS,"ReturnPolicy,Account,Checkout,ProductDetail,WishList,ShoppingCart,Search,Reviews,OrderTracking",9,88,1,0,0,1,2024-05-07 17:00:00,Senior Buyer,Latin America,Referral,2.2.1
110540,2023-03-25,52,Android,"Reviews,ColorPicker,Checkout,WishList,Notifications,Help,Promotions,ProductList,OrderTracking,CategoryBrowse",2,12,0,0,0,1,2023-03-25 09:00:00,Senior Browser,Europe,Referral,2.0.6
110541,2024-12-13,67,Android,"Promotions,PaymentMethods,ProductList,WishList,Help,ShoppingCart,Checkout",1,10,1,1,1,1,2024-12-13 23:00:00,Senior Browser,Europe,Referral,2.2.8
110542,2023-02-12,38,Android,"PaymentMethods,OrderTracking,ColorPicker,ProductDetail,CategoryBrowse,WishList,ShoppingCart,Search,ReturnPolicy,ProductList",7,49,0,0,0,1,2023-02-12 08:00:00,Teen Browser,North America,Social Media,2.3.1
110543,2024-02-28,18,iOS,"ProductDetail,Notifications,ReturnPolicy,Reviews,PaymentMethods,ShoppingCart,ProductList",10,84,0,1,0,1,2024-02-28 06:00:00,Adult Browser,Asia Pacific,Organic Search,2.0.6
110544,2024-06-19,60,iOS,"ColorPicker,Home,Checkout,ProductList,Search",9,46,0,0,1,1,2024-06-19 06:00:00,Teen Browser,Asia Pacific,Referral,2.0.6
110545,2024-11-03,36,Android,"PaymentMethods,Checkout,Account,ShoppingCart,Search,OrderTracking,CategoryBrowse,ProductList,Notifications",10,87,1,1,1,1,2024-11-03 06:00:00,Senior Browser,Middle East,Email Campaign,2.0.8
110546,2024-10-23,34,iOS,"ProductDetail,Promotions,Reviews,OrderTracking,Help",9,62,0,0,1,1,2024-10-23 07:00:00,Teen Browser,Middle East,Social Media,2.0.6
110547,2022-04-05,60,Android,"Help,Home,Promotions,Checkout,WishList,ProductDetail,ShoppingCart",10,62,0,1,0,1,2022-04-05 13:00:00,Teen Browser,Europe,Email Campaign,2.2.8
110548,2023-01-17,66,iOS,"ProductList,Account,Reviews,Promotions,ShoppingCart,OrderTracking,Home",5,35,0,1,1,1,2023-01-17 13:00:00,Adult Browser,Latin America,Referral,2.0.8
110549,2022-06-16,31,Android,"Checkout,Help,Account,Notifications,OrderTracking,Reviews,Search,ReturnPolicy",9,74,0,1,0,1,2022-06-16 21:00:00,Adult Browser,Middle East,Email Campaign,2.2.1
110550,2023-12-15,65,iOS,"CategoryBrowse,WishList,Home,Notifications,OrderTracking,Search,Help",3,30,0,0,1,1,2023-12-15 13:00:00,Adult Browser,Europe,Organic Search,2.0.6
110551,2023-02-03,64,iOS,"OrderTracking,ShoppingCart,PaymentMethods,Checkout,ProductDetail,WishList,Promotions,Reviews,Account,Home",8,8,0,0,0,1,2023-02-03 11:00:00,Young Buyer,Latin America,Paid Search,2.0.8
110552,2023-09-12,45,iOS,"Reviews,Help,Checkout,Account,ShoppingCart,Search,WishList",2,20,0,1,1,1,2023-09-12 21:00:00,Senior Buyer,Middle East,Referral,2.0.6
110553,2022-08-19,24,iOS,"ReturnPolicy,ProductDetail,Account,Checkout,ShoppingCart,Notifications,OrderTracking",7,18,1,0,1,1,2022-08-19 18:00:00,Senior Browser,Asia Pacific,Referral,2.2.8
110554,2022-02-14,22,Android,"ColorPicker,WishList,ReturnPolicy,CategoryBrowse,ProductDetail,Reviews,Account",2,13,1,0,0,1,2022-02-14 10:00:00,Adult Browser,Asia Pacific,Organic Search,2.0.5
110555,2024-12-26,47,Android,"ProductList,Notifications,PaymentMethods,CategoryBrowse,ReturnPolicy,ColorPicker,Reviews,Search,Checkout",5,42,1,1,1,1,2024-12-26 14:00:00,Senior Browser,Europe,Email Campaign,2.0.6
110556,2024-05-13,23,iOS,"ReturnPolicy,WishList,Checkout,ColorPicker,ProductDetail,ShoppingCart,ProductList",5,13,1,1,1,1,2024-05-13 12:00:00,Young Buyer,Latin America,Organic Search,2.2.1
110557,2023-10-14,54,iOS,"WishList,ProductList,Account,Reviews,Search,CategoryBrowse",3,27,0,0,1,1,2023-10-14 04:00:00,Teen Browser,Europe,Social Media,2.0.6
110558,2022-11-12,31,Android,"ShoppingCart,Help,ProductList,ColorPicker,OrderTracking,PaymentMethods,WishList",4,12,0,1,0,1,2022-11-12 09:00:00,Senior Browser,North America,Social Media,2.3.1
110559,2023-06-18,53,Android,"Promotions,ProductDetail,OrderTracking,Search,Account",10,44,1,1,1,1,2023-06-18 04:00:00,Teen Browser,Middle East,Social Media,2.3.1
110560,2024-06-08,30,Android,"Reviews,ShoppingCart,Search,OrderTracking,Help,Notifications,CategoryBrowse,ProductDetail,WishList,ColorPicker",3,12,0,0,1,1,2024-06-08 10:00:00,Adult Browser,Latin America,Organic Search,2.2.8
110561,2022-03-26,20,Android,"Home,ProductList,PaymentMethods,Notifications,Checkout,Help,Promotions,CategoryBrowse,Reviews,Account",1,2,1,1,0,1,2022-03-26 22:00:00,Young Buyer,Middle East,Organic Search,2.0.5
110562,2023-11-07,19,iOS,"Notifications,Account,Help,Promotions,WishList",8,68,0,0,0,1,2023-11-07 03:00:00,Senior Browser,Latin America,Paid Search,2.0.5
110563,2022-04-08,50,iOS,"OrderTracking,Account,ProductDetail,ColorPicker,Checkout",10,95,0,1,0,1,2022-04-08 08:00:00,Teen Browser,Middle East,Social Media,2.0.6
110564,2024-03-01,49,iOS,"PaymentMethods,ShoppingCart,Help,OrderTracking,ColorPicker,WishList,Notifications,Home",10,99,0,0,0,1,2024-03-01 13:00:00,Teen Browser,Latin America,Social Media,2.0.6
110565,2022-02-14,33,Android,"ShoppingCart,Account,Help,ReturnPolicy,PaymentMethods",9,86,1,0,1,1,2022-02-14 11:00:00,Senior Buyer,Asia Pacific,Referral,2.0.5
110566,2024-07-11,74,iOS,"ColorPicker,ProductList,ReturnPolicy,Checkout,Help,Search,CategoryBrowse,Promotions,WishList,Home",5,5,1,0,1,1,2024-07-11 07:00:00,Teen Browser,North America,Organic Search,2.1.0
110567,2022-06-05,34,iOS,"Help,Search,OrderTracking,ProductDetail,Account",7,26,1,0,1,1,2022-06-05 02:00:00,Teen Browser,Middle East,Organic Search,2.0.8
110568,2022-12-16,49,Android,"Home,Account,Search,Promotions,ProductDetail,Checkout,WishList",8,8,0,0,1,1,2022-12-16 02:00:00,Young Buyer,Europe,Email Campaign,2.0.5
110569,2024-06-06,54,Android,"Help,Promotions,WishList,ColorPicker,ProductDetail,CategoryBrowse,ShoppingCart,Search,Reviews",1,4,1,1,1,1,2024-06-06 20:00:00,Senior Browser,Middle East,Referral,2.2.1
110570,2023-05-28,30,Android,"Help,ProductDetail,ShoppingCart,Notifications,OrderTracking,ColorPicker,Reviews,WishList,ProductList,Home",2,8,1,1,1,1,2023-05-28 05:00:00,Senior Buyer,Europe,Email Campaign,2.3.1
110571,2024-07-01,19,iOS,"Account,PaymentMethods,ColorPicker,Notifications,ProductList,Help,Reviews",9,50,0,1,1,1,2024-07-01 15:00:00,Senior Buyer,Asia Pacific,Social Media,2.3.1
110572,2022-05-01,69,iOS,"ReturnPolicy,Promotions,Notifications,Checkout,WishList,Account,Reviews,ShoppingCart",1,8,0,0,0,1,2022-05-01 11:00:00,Senior Browser,Europe,Social Media,2.2.1
110573,2023-02-09,57,iOS,"OrderTracking,CategoryBrowse,Notifications,ProductDetail,PaymentMethods,ProductList,ColorPicker,Account",3,13,0,1,0,1,2023-02-09 14:00:00,Teen Browser,Middle East,Organic Search,2.1.0
110574,2022-05-03,36,Android,"Search,Checkout,ReturnPolicy,ProductDetail,WishList,CategoryBrowse,ColorPicker,Help,Home,ShoppingCart",10,93,1,1,1,1,2022-05-03 16:00:00,Senior Buyer,Middle East,Referral,2.0.6
110575,2024-04-21,63,Android,"OrderTracking,Help,Notifications,Account,Search,WishList,CategoryBrowse",7,29,1,0,0,1,2024-04-21 20:00:00,Senior Buyer,North America,Email Campaign,2.3.1
110576,2022-01-02,58,iOS,"PaymentMethods,CategoryBrowse,Search,Notifications,Promotions,ProductList,ShoppingCart",7,56,0,0,1,1,2022-01-02 23:00:00,Young Buyer,Europe,Referral,2.0.6
110577,2024-04-28,59,iOS,"ShoppingCart,ProductList,Account,Promotions,OrderTracking,PaymentMethods,Reviews,Checkout,Notifications",10,34,1,1,0,1,2024-04-28 19:00:00,Teen Browser,Latin America,Social Media,2.0.6
110578,2024-11-05,61,iOS,"ProductDetail,WishList,CategoryBrowse,ColorPicker,Help,Notifications,Search,ProductList,PaymentMethods,Account",6,39,0,0,0,1,2024-11-05 21:00:00,Senior Browser,Asia Pacific,Paid Search,2.0.8
110579,2024-05-12,58,Android,"Reviews,CategoryBrowse,Account,ReturnPolicy,Search,ProductDetail,ShoppingCart,WishList,ProductList",10,96,0,1,0,1,2024-05-12 02:00:00,Teen Browser,Middle East,Paid Search,2.3.1
110580,2023-10-20,24,Android,"ProductDetail,ProductList,Promotions,OrderTracking,Search,Reviews",10,60,0,1,1,1,2023-10-20 15:00:00,Young Buyer,Middle East,Organic Search,2.0.6
110581,2024-09-20,49,iOS,"ProductList,ColorPicker,Promotions,OrderTracking,Help,WishList",4,40,0,1,0,1,2024-09-20 09:00:00,Senior Buyer,North America,Referral,2.2.1
110582,2024-12-07,50,iOS,"Notifications,Account,Help,Search,ProductList,OrderTracking,Reviews",9,44,1,1,1,1,2024-12-07 20:00:00,Teen Browser,Middle East,Social Media,2.3.1
110583,2023-12-16,20,Android,"WishList,ProductDetail,Reviews,Home,Checkout,Help,CategoryBrowse,Notifications,ColorPicker,PaymentMethods",7,23,0,0,0,1,2023-12-16 11:00:00,Teen Browser,Asia Pacific,Social Media,2.3.1
110584,2024-11-17,62,iOS,"ColorPicker,Notifications,PaymentMethods,ProductList,ShoppingCart",5,9,1,0,0,1,2024-11-17 01:00:00,Adult Browser,Asia Pacific,Referral,2.0.8
110585,2023-09-09,40,Android,"ShoppingCart,ProductDetail,Checkout,Search,Notifications,ProductList,Help,Promotions,ReturnPolicy,Account",3,5,0,1,0,1,2023-09-09 01:00:00,Teen Browser,Middle East,Email Campaign,2.0.8
110586,2022-03-06,24,Android,"ShoppingCart,ColorPicker,Home,Notifications,Reviews,ProductDetail,ProductList,PaymentMethods",10,22,1,1,1,1,2022-03-06 07:00:00,Teen Browser,Middle East,Email Campaign,2.1.0
110587,2024-10-14,75,Android,"ProductDetail,Account,ShoppingCart,Home,Promotions,Reviews,Notifications,Search",5,47,1,0,1,1,2024-10-14 09:00:00,Teen Browser,Europe,Referral,2.2.1
110588,2023-01-04,57,iOS,"Account,CategoryBrowse,ShoppingCart,ProductDetail,WishList,ColorPicker,ReturnPolicy,Search",2,18,1,0,0,1,2023-01-04 22:00:00,Young Buyer,North America,Email Campaign,2.2.8
110589,2024-08-23,67,iOS,"WishList,Help,OrderTracking,ProductList,Checkout,ColorPicker,Reviews",7,58,0,0,0,1,2024-08-23 17:00:00,Senior Browser,Europe,Referral,2.3.1
110590,2022-04-19,41,iOS,"ColorPicker,Reviews,Account,Search,PaymentMethods,ProductList,Promotions",8,65,0,1,1,1,2022-04-19 19:00:00,Young Buyer,Middle East,Paid Search,2.0.6
110591,2024-07-27,39,Android,"ProductList,Home,Help,ShoppingCart,ColorPicker,Notifications,ReturnPolicy,WishList,Promotions,Account",7,70,0,1,1,1,2024-07-27 21:00:00,Young Buyer,North America,Referral,2.0.5
110592,2023-02-21,24,Android,"Home,PaymentMethods,ColorPicker,Notifications,WishList,Account",9,46,1,0,0,1,2023-02-21 19:00:00,Senior Browser,North America,Social Media,2.3.1
110593,2023-10-20,26,iOS,"CategoryBrowse,Home,Help,OrderTracking,Checkout,Search,ProductDetail,PaymentMethods",7,53,1,0,0,1,2023-10-20 05:00:00,Senior Browser,Europe,Email Campaign,2.2.1
110594,2023-07-13,72,iOS,"Help,WishList,ColorPicker,Account,Notifications,Checkout,Search,ShoppingCart",6,46,1,0,1,1,2023-07-13 08:00:00,Young Buyer,Middle East,Organic Search,2.2.8
110595,2022-10-26,28,Android,"Checkout,OrderTracking,Account,Home,ColorPicker",3,16,0,1,1,1,2022-10-26 01:00:00,Adult Browser,Europe,Paid Search,2.0.5
110596,2024-08-26,31,iOS,"CategoryBrowse,Checkout,ColorPicker,Promotions,ShoppingCart",9,37,1,0,0,1,2024-08-26 07:00:00,Young Buyer,Middle East,Email Campaign,2.0.8
110597,2023-05-06,23,Android,"PaymentMethods,Promotions,Reviews,Checkout,Search,CategoryBrowse,ReturnPolicy,WishList,OrderTracking",6,34,1,1,0,1,2023-05-06 23:00:00,Young Buyer,Latin America,Social Media,2.3.1
110598,2024-10-06,63,Android,"Account,Checkout,ProductList,Help,ShoppingCart,OrderTracking,Notifications,ColorPicker",3,27,0,1,0,1,2024-10-06 14:00:00,Adult Browser,Middle East,Referral,2.2.1
110599,2023-02-09,58,iOS,"OrderTracking,ReturnPolicy,ShoppingCart,Promotions,ProductDetail",4,33,1,1,0,1,2023-02-09 17:00:00,Teen Browser,Asia Pacific,Referral,2.0.8
110600,2022-09-17,61,Android,"Promotions,ProductList,OrderTracking,Help,ReturnPolicy,Home",5,46,0,1,1,1,2022-09-17 04:00:00,Senior Buyer,Asia Pacific,Social Media,2.2.8
110601,2022-09-07,52,iOS,"Account,OrderTracking,Reviews,Help,ProductDetail,WishList,Checkout,Search,ReturnPolicy,ProductList",10,87,1,0,0,1,2022-09-07 18:00:00,Adult Browser,Europe,Organic Search,2.0.8
110602,2024-08-31,21,Android,"ProductDetail,OrderTracking,Home,Promotions,ColorPicker,Account,PaymentMethods",7,50,1,1,1,1,2024-08-31 04:00:00,Senior Browser,Latin America,Social Media,2.0.6
110603,2022-01-08,51,iOS,"Promotions,WishList,ProductDetail,CategoryBrowse,Reviews,Search,Notifications,Home,ProductList",7,23,0,0,1,1,2022-01-08 11:00:00,Young Buyer,North America,Referral,2.0.5
110604,2023-08-06,46,Android,"Notifications,CategoryBrowse,ProductList,ProductDetail,Account,Help,Promotions,OrderTracking,Reviews,Checkout",3,25,1,0,0,1,2023-08-06 13:00:00,Senior Buyer,Asia Pacific,Referral,2.1.0
110605,2022-11-06,46,Android,"ShoppingCart,Promotions,ColorPicker,OrderTracking,Account,CategoryBrowse,Home,WishList,Reviews",7,11,0,1,1,1,2022-11-06 10:00:00,Young Buyer,Middle East,Email Campaign,2.3.1
110606,2024-09-25,40,iOS,"Search,OrderTracking,Account,Notifications,ReturnPolicy,ProductList,ProductDetail,Help",6,24,0,0,1,1,2024-09-25 22:00:00,Teen Browser,Europe,Referral,2.3.1
110607,2022-11-21,39,iOS,"ProductDetail,Promotions,Home,WishList,ReturnPolicy",8,20,1,0,1,1,2022-11-21 14:00:00,Senior Buyer,Asia Pacific,Organic Search,2.0.8
110608,2023-05-18,62,Android,"ColorPicker,WishList,Search,OrderTracking,Notifications,Checkout,Reviews,Account",8,41,0,0,0,1,2023-05-18 11:00:00,Senior Browser,North America,Referral,2.0.5
110609,2023-05-08,47,iOS,"Account,PaymentMethods,Checkout,Promotions,CategoryBrowse,Help,Search,ColorPicker,ShoppingCart",2,9,0,0,1,1,2023-05-08 21:00:00,Senior Buyer,Latin America,Referral,2.1.0
110610,2024-03-13,48,Android,"Promotions,Home,WishList,ProductList,Reviews,Notifications,CategoryBrowse,ProductDetail",10,64,1,1,1,1,2024-03-13 04:00:00,Senior Buyer,North America,Paid Search,2.0.6
110611,2022-05-21,24,iOS,"Reviews,ProductList,Promotions,Checkout,Home",10,86,1,0,1,1,2022-05-21 22:00:00,Senior Browser,North America,Organic Search,2.0.8
110612,2023-06-23,37,Android,"Checkout,ShoppingCart,OrderTracking,Home,PaymentMethods",8,18,0,1,1,1,2023-06-23 04:00:00,Senior Buyer,North America,Email Campaign,2.3.1
110613,2022-04-28,66,Android,"Help,Checkout,ProductDetail,ProductList,Reviews",8,38,0,0,0,1,2022-04-28 01:00:00,Young Buyer,Latin America,Referral,2.0.6
110614,2023-01-22,28,iOS,"OrderTracking,Home,CategoryBrowse,WishList,ProductList,Checkout,Account,Notifications",10,35,0,1,1,1,2023-01-22 23:00:00,Senior Buyer,North America,Organic Search,2.0.6
110615,2024-04-09,66,Android,"CategoryBrowse,WishList,Account,Notifications,Search,Home,OrderTracking",9,14,1,1,1,1,2024-04-09 05:00:00,Senior Buyer,North America,Referral,2.3.1
110616,2023-10-10,19,Android,"ShoppingCart,Promotions,OrderTracking,ProductList,WishList,Help,Notifications,CategoryBrowse,ProductDetail,Checkout",6,24,1,1,0,1,2023-10-10 21:00:00,Senior Buyer,Asia Pacific,Email Campaign,2.2.1
110617,2024-01-04,56,iOS,"Reviews,ProductList,Help,Account,PaymentMethods,ProductDetail",7,22,1,1,1,1,2024-01-04 21:00:00,Adult Browser,Europe,Paid Search,2.1.0
110618,2024-10-03,35,iOS,"Home,Notifications,ProductList,Search,ColorPicker,ProductDetail",2,13,0,1,0,1,2024-10-03 14:00:00,Teen Browser,Asia Pacific,Email Campaign,2.2.8
110619,2023-08-23,36,iOS,"Notifications,ShoppingCart,WishList,ColorPicker,Reviews,ProductList,Home",7,35,1,1,1,1,2023-08-23 14:00:00,Senior Browser,Asia Pacific,Email Campaign,2.0.5
110620,2024-06-14,52,Android,"ProductDetail,ShoppingCart,PaymentMethods,Account,Help,CategoryBrowse,ReturnPolicy,Checkout,ProductList",8,66,0,1,1,1,2024-06-14 18:00:00,Teen Browser,Europe,Organic Search,2.1.0
110621,2023-02-26,66,iOS,"Notifications,Help,ColorPicker,Reviews,Search,OrderTracking",9,30,0,0,1,1,2023-02-26 17:00:00,Senior Buyer,Europe,Email Campaign,2.0.6
110622,2024-11-21,26,iOS,"Search,WishList,ReturnPolicy,CategoryBrowse,ShoppingCart,ProductList",10,33,1,0,0,1,2024-11-21 07:00:00,Senior Buyer,Asia Pacific,Referral,2.1.0
110623,2024-06-24,63,Android,"OrderTracking,ShoppingCart,CategoryBrowse,ReturnPolicy,PaymentMethods,Notifications",8,16,1,1,0,1,2024-06-24 08:00:00,Teen Browser,Middle East,Paid Search,2.2.1
110624,2024-03-07,31,iOS,"Account,ProductList,Notifications,CategoryBrowse,ReturnPolicy,ProductDetail,Search,Reviews,OrderTracking,ColorPicker",8,60,0,0,1,1,2024-03-07 17:00:00,Adult Browser,Asia Pacific,Referral,2.3.1
110625,2022-04-29,70,Android,"Promotions,Checkout,Home,Help,ReturnPolicy",6,43,1,0,0,1,2022-04-29 07:00:00,Teen Browser,Europe,Social Media,2.3.1
110626,2022-06-20,19,Android,"ProductList,Notifications,CategoryBrowse,Checkout,Search",4,9,1,0,1,1,2022-06-20 05:00:00,Adult Browser,Middle East,Email Campaign,2.2.8
110627,2024-12-07,59,Android,"ReturnPolicy,ProductDetail,WishList,ShoppingCart,CategoryBrowse,Notifications,PaymentMethods,Checkout",1,1,1,1,1,1,2024-12-07 11:00:00,Adult Browser,Latin America,Social Media,2.2.1
110628,2023-08-15,38,Android,"ShoppingCart,Promotions,Reviews,ProductDetail,ReturnPolicy,PaymentMethods,OrderTracking,Account",3,27,0,1,0,1,2023-08-15 06:00:00,Young Buyer,Europe,Referral,2.0.5
110629,2022-11-20,73,iOS,"CategoryBrowse,Help,Home,Checkout,Promotions,ProductDetail,Reviews,ProductList",10,53,0,1,1,1,2022-11-20 06:00:00,Young Buyer,Asia Pacific,Paid Search,2.0.6
110630,2024-11-24,30,Android,"Notifications,Reviews,Checkout,OrderTracking,Promotions,WishList,ShoppingCart,ProductDetail,Account,Help",1,7,0,0,1,1,2024-11-24 16:00:00,Senior Browser,North America,Email Campaign,2.1.0
110631,2022-03-10,46,Android,"WishList,ProductList,Notifications,OrderTracking,ShoppingCart,Checkout,PaymentMethods,ColorPicker,Help,Search",2,19,0,0,1,1,2022-03-10 04:00:00,Senior Browser,North America,Referral,2.1.0
110632,2023-06-07,24,Android,"Checkout,PaymentMethods,Help,ReturnPolicy,Home",5,48,0,0,1,1,2023-06-07 09:00:00,Adult Browser,Asia Pacific,Organic Search,2.0.6
110633,2022-05-26,73,iOS,"CategoryBrowse,PaymentMethods,OrderTracking,Search,Notifications,Reviews",6,12,1,0,0,1,2022-05-26 04:00:00,Young Buyer,Asia Pacific,Social Media,2.0.5
110634,2023-12-28,37,iOS,"Account,Help,CategoryBrowse,Reviews,ColorPicker,ShoppingCart,PaymentMethods",1,6,1,1,1,1,2023-12-28 10:00:00,Senior Buyer,Asia Pacific,Organic Search,2.2.1
110635,2022-09-16,67,iOS,"Account,ProductDetail,Search,Reviews,Checkout,Home,Notifications,ReturnPolicy,PaymentMethods",8,61,0,0,1,1,2022-09-16 18:00:00,Young Buyer,North America,Referral,2.3.1
110636,2023-06-05,57,Android,"Home,Reviews,Account,ReturnPolicy,WishList",6,37,1,1,1,1,2023-06-05 23:00:00,Senior Buyer,North America,Organic Search,2.1.0
110637,2023-05-24,25,Android,"Help,ProductDetail,ShoppingCart,Search,ReturnPolicy",8,76,0,0,0,1,2023-05-24 12:00:00,Young Buyer,Latin America,Referral,2.2.1
110638,2023-05-05,58,iOS,"ReturnPolicy,Reviews,WishList,CategoryBrowse,Notifications,PaymentMethods,Help",3,30,1,1,1,1,2023-05-05 18:00:00,Young Buyer,Europe,Organic Search,2.2.8
110639,2022-04-22,66,iOS,"ProductDetail,Home,Search,PaymentMethods,CategoryBrowse",8,50,1,0,1,1,2022-04-22 07:00:00,Senior Browser,Europe,Paid Search,2.2.1
110640,2023-09-06,54,Android,"CategoryBrowse,Checkout,Reviews,ShoppingCart,Home,ReturnPolicy",3,13,1,0,1,1,2023-09-06 17:00:00,Senior Buyer,Europe,Paid Search,2.2.1
110641,2022-10-22,43,iOS,"Checkout,Help,CategoryBrowse,Search,PaymentMethods,ProductDetail,Account,WishList,Home,ProductList",6,43,0,0,0,1,2022-10-22 02:00:00,Young Buyer,Europe,Referral,2.0.5
110642,2023-01-05,55,Android,"ReturnPolicy,Search,ShoppingCart,ProductList,Promotions,Checkout,Account,PaymentMethods,Help,Home",5,32,1,1,1,1,2023-01-05 05:00:00,Young Buyer,Asia Pacific,Social Media,2.1.0
110643,2023-07-03,67,Android,"ShoppingCart,ProductDetail,Promotions,ReturnPolicy,Reviews,Search",8,45,0,0,0,1,2023-07-03 13:00:00,Adult Browser,Middle East,Social Media,2.2.8
110644,2024-07-24,27,iOS,"PaymentMethods,Search,CategoryBrowse,ColorPicker,Notifications,WishList,Promotions,ShoppingCart,Help",3,7,1,0,1,1,2024-07-24 03:00:00,Senior Browser,Europe,Organic Search,2.0.5
110645,2024-06-24,39,iOS,"ProductList,ShoppingCart,PaymentMethods,ReturnPolicy,Search,Account,CategoryBrowse,Checkout",6,56,1,1,0,1,2024-06-24 05:00:00,Senior Buyer,Latin America,Paid Search,2.2.8
110646,2022-04-01,59,Android,"ReturnPolicy,ProductList,Search,ColorPicker,Help,Notifications,Checkout",6,11,0,0,0,1,2022-04-01 18:00:00,Senior Buyer,Latin America,Email Campaign,2.1.0
110647,2022-01-20,69,iOS,"Home,CategoryBrowse,Notifications,Reviews,Promotions",2,13,0,1,0,1,2022-01-20 10:00:00,Senior Browser,Latin America,Social Media,2.0.5
110648,2022-12-26,33,Android,"Help,ProductList,ReturnPolicy,Home,Checkout,ProductDetail",3,23,0,0,1,1,2022-12-26 16:00:00,Teen Browser,North America,Email Campaign,2.1.0
110649,2022-11-01,27,Android,"Home,ProductList,Notifications,ShoppingCart,CategoryBrowse,WishList,Promotions,OrderTracking,Account,ProductDetail",7,62,1,0,0,1,2022-11-01 03:00:00,Adult Browser,Middle East,Social Media,2.2.1
110650,2024-12-08,67,iOS,"PaymentMethods,CategoryBrowse,ColorPicker,Help,Promotions,Account,Search,Checkout,ProductDetail,ProductList",7,33,1,1,1,1,2024-12-08 17:00:00,Senior Browser,Middle East,Paid Search,2.2.8
110651,2024-01-25,74,Android,"ProductDetail,Account,WishList,Reviews,Help,OrderTracking,Notifications",10,23,0,1,0,1,2024-01-25 08:00:00,Senior Buyer,Asia Pacific,Social Media,2.1.0
110652,2023-09-26,27,Android,"CategoryBrowse,PaymentMethods,Home,ColorPicker,ProductDetail",2,3,0,1,0,1,2023-09-26 09:00:00,Teen Browser,North America,Referral,2.2.1
110653,2023-06-23,45,iOS,"Search,WishList,Notifications,ProductDetail,ColorPicker,Checkout,Reviews,Home",10,87,1,1,0,1,2023-06-23 04:00:00,Teen Browser,Middle East,Email Campaign,2.1.0
110654,2023-05-31,30,Android,"WishList,Notifications,ProductList,PaymentMethods,Account,ColorPicker,Help,Reviews,Promotions,OrderTracking",7,7,1,0,0,1,2023-05-31 09:00:00,Adult Browser,Asia Pacific,Paid Search,2.2.8
110655,2022-05-19,58,iOS,"ReturnPolicy,Promotions,ProductDetail,PaymentMethods,ShoppingCart,Help,ColorPicker",4,28,0,1,1,1,2022-05-19 11:00:00,Senior Browser,Asia Pacific,Referral,2.0.8
110656,2024-12-09,31,iOS,"ShoppingCart,Promotions,Account,ProductDetail,Reviews,Home",6,26,1,0,1,1,2024-12-09 08:00:00,Senior Browser,Europe,Social Media,2.2.1
110657,2022-09-05,20,iOS,"WishList,OrderTracking,Reviews,ProductDetail,Checkout",7,23,0,0,0,1,2022-09-05 13:00:00,Teen Browser,Middle East,Paid Search,2.0.6
110658,2022-09-28,72,iOS,"ProductList,Checkout,ColorPicker,Reviews,Home,Help,PaymentMethods,Promotions,WishList,ShoppingCart",9,75,1,0,0,1,2022-09-28 16:00:00,Young Buyer,North America,Referral,2.0.5
110659,2024-06-12,65,iOS,"CategoryBrowse,WishList,Home,Checkout,ReturnPolicy,Account,PaymentMethods",3,23,0,0,0,1,2024-06-12 17:00:00,Teen Browser,Latin America,Organic Search,2.0.5
110660,2024-05-01,52,iOS,"Account,Search,Reviews,Promotions,ColorPicker,Checkout,ProductList",10,80,0,1,1,1,2024-05-01 11:00:00,Adult Browser,Asia Pacific,Referral,2.2.1
110661,2022-05-27,37,Android,"CategoryBrowse,ProductDetail,Account,ReturnPolicy,Reviews,WishList,ColorPicker,Search,ShoppingCart,Home",2,11,0,0,1,1,2022-05-27 05:00:00,Teen Browser,North America,Paid Search,2.1.0
110662,2023-05-20,26,Android,"ProductList,WishList,Search,Home,CategoryBrowse,PaymentMethods,Help,ColorPicker,ProductDetail",8,17,0,1,0,1,2023-05-20 14:00:00,Teen Browser,Europe,Social Media,2.0.8
110663,2023-09-23,46,iOS,"CategoryBrowse,Account,ProductList,PaymentMethods,ShoppingCart,Promotions,Home",10,99,1,1,0,1,2023-09-23 18:00:00,Adult Browser,Asia Pacific,Social Media,2.0.6
110664,2023-02-23,27,iOS,"Checkout,OrderTracking,Reviews,ProductDetail,ShoppingCart,Home,ColorPicker,CategoryBrowse,ProductList,PaymentMethods",4,35,0,1,1,1,2023-02-23 11:00:00,Senior Buyer,Latin America,Paid Search,2.1.0
110665,2022-07-11,42,Android,"Account,Search,Notifications,PaymentMethods,Home,ColorPicker,ProductDetail,ShoppingCart,CategoryBrowse,Checkout",3,16,0,1,0,1,2022-07-11 18:00:00,Senior Browser,North America,Email Campaign,2.3.1
110666,2022-11-18,70,Android,"Reviews,PaymentMethods,Account,Home,OrderTracking,CategoryBrowse,Checkout,ColorPicker,Help",3,9,1,0,0,1,2022-11-18 20:00:00,Adult Browser,Middle East,Organic Search,2.1.0
110667,2022-03-23,74,Android,"Checkout,ProductList,Promotions,CategoryBrowse,Notifications,Help,ReturnPolicy,Home,Account",2,13,0,0,1,1,2022-03-23 02:00:00,Senior Buyer,Latin America,Paid Search,2.2.1
110668,2022-09-14,54,Android,"ColorPicker,ProductDetail,ReturnPolicy,Account,WishList,Checkout,Reviews",4,31,0,1,1,1,2022-09-14 10:00:00,Young Buyer,Europe,Referral,2.1.0
110669,2024-10-28,39,Android,"Reviews,ShoppingCart,Help,Account,ProductList,ProductDetail",10,32,1,0,1,1,2024-10-28 07:00:00,Young Buyer,Latin America,Organic Search,2.3.1
110670,2024-09-13,69,iOS,"Help,Reviews,ColorPicker,Checkout,WishList,PaymentMethods,ReturnPolicy",2,7,1,1,1,1,2024-09-13 13:00:00,Teen Browser,North America,Organic Search,2.3.1
110671,2022-07-17,39,Android,"ProductList,Home,Help,Account,ColorPicker",6,27,1,1,1,1,2022-07-17 07:00:00,Senior Buyer,Asia Pacific,Organic Search,2.0.8
110672,2024-03-20,66,iOS,"Home,CategoryBrowse,WishList,PaymentMethods,Reviews",3,27,0,0,1,1,2024-03-20 22:00:00,Senior Browser,Europe,Social Media,2.0.5
110673,2022-02-08,53,Android,"ReturnPolicy,Notifications,PaymentMethods,Checkout,ProductDetail,OrderTracking,ProductList,ColorPicker,Search",5,13,1,0,0,1,2022-02-08 20:00:00,Teen Browser,Europe,Email Campaign,2.1.0
110674,2023-10-28,61,Android,"WishList,Notifications,Search,OrderTracking,CategoryBrowse,Home,ProductList,Account,Promotions",10,72,1,0,0,1,2023-10-28 18:00:00,Senior Browser,Europe,Referral,2.2.8
110675,2022-10-07,25,iOS,"ReturnPolicy,Home,Help,ColorPicker,WishList,Checkout,OrderTracking",10,30,0,0,1,1,2022-10-07 08:00:00,Adult Browser,North America,Referral,2.1.0
110676,2024-01-30,30,iOS,"OrderTracking,Notifications,Help,ProductList,ProductDetail,Home,Account,PaymentMethods,ShoppingCart",8,38,0,0,0,1,2024-01-30 04:00:00,Young Buyer,Latin America,Paid Search,2.1.0
110677,2023-04-17,74,Android,"Promotions,WishList,Search,Home,Account,Reviews,ReturnPolicy",7,61,0,1,0,1,2023-04-17 13:00:00,Teen Browser,Europe,Paid Search,2.0.6
110678,2022-04-02,34,Android,"CategoryBrowse,WishList,ProductDetail,Reviews,Account,Checkout",4,28,0,1,1,1,2022-04-02 20:00:00,Senior Browser,Europe,Organic Search,2.0.6
110679,2024-10-08,63,iOS,"Checkout,CategoryBrowse,Account,PaymentMethods,ShoppingCart,Reviews",10,36,0,0,0,1,2024-10-08 16:00:00,Teen Browser,Europe,Email Campaign,2.1.0
110680,2024-03-27,49,Android,"WishList,Account,Promotions,OrderTracking,ReturnPolicy,Search",6,42,1,0,0,1,2024-03-27 13:00:00,Senior Browser,North America,Organic Search,2.3.1
110681,2024-06-16,24,Android,"Search,Home,OrderTracking,Account,PaymentMethods,Help,CategoryBrowse,Checkout,Reviews,ProductList",5,27,0,0,1,1,2024-06-16 10:00:00,Senior Browser,Europe,Social Media,2.3.1
110682,2023-02-03,67,Android,"Account,Promotions,ReturnPolicy,ShoppingCart,ProductList,Checkout,Home,ColorPicker,OrderTracking,Notifications",1,10,0,1,0,1,2023-02-03 18:00:00,Adult Browser,Asia Pacific,Social Media,2.0.6
110683,2023-07-09,48,Android,"OrderTracking,Home,PaymentMethods,ColorPicker,Checkout,Promotions,Help,Reviews",1,6,1,1,0,1,2023-07-09 07:00:00,Young Buyer,Europe,Social Media,2.3.1
110684,2022-05-11,62,Android,"Account,Notifications,ProductDetail,ColorPicker,WishList,ShoppingCart,ReturnPolicy",5,12,0,1,0,1,2022-05-11 06:00:00,Senior Browser,Asia Pacific,Paid Search,2.2.1
110685,2023-09-09,22,iOS,"Help,Promotions,CategoryBrowse,PaymentMethods,OrderTracking,WishList,Notifications,Search",1,3,0,1,0,1,2023-09-09 21:00:00,Young Buyer,North America,Referral,2.0.5
110686,2022-01-12,58,Android,"ProductDetail,WishList,ReturnPolicy,Account,Help",7,43,0,1,1,1,2022-01-12 17:00:00,Adult Browser,Middle East,Email Campaign,2.3.1
110687,2022-06-12,58,iOS,"ShoppingCart,OrderTracking,CategoryBrowse,ColorPicker,Account,WishList,Checkout",1,1,1,1,1,1,2022-06-12 08:00:00,Adult Browser,Latin America,Email Campaign,2.0.5
110688,2022-04-26,39,Android,"Reviews,Promotions,Checkout,Notifications,ProductList,ColorPicker,Help,Home",5,46,1,0,0,1,2022-04-26 07:00:00,Senior Buyer,Middle East,Social Media,2.3.1
110689,2023-10-04,26,iOS,"OrderTracking,ProductList,Account,ShoppingCart,PaymentMethods,ReturnPolicy,Search,Reviews,Promotions,Notifications",9,19,1,0,0,1,2023-10-04 07:00:00,Adult Browser,Latin America,Referral,2.0.5
110690,2024-02-13,50,Android,"Help,WishList,ProductList,ReturnPolicy,ProductDetail,Notifications,OrderTracking",1,9,1,0,0,1,2024-02-13 18:00:00,Senior Buyer,Asia Pacific,Referral,2.0.8
110691,2022-10-13,22,iOS,"ShoppingCart,CategoryBrowse,Notifications,Reviews,ProductList,ColorPicker,Home",8,64,1,0,0,1,2022-10-13 15:00:00,Senior Buyer,Asia Pacific,Referral,2.1.0
110692,2024-05-24,54,iOS,"ColorPicker,OrderTracking,Help,WishList,Checkout,Account,Promotions,Search,Notifications",10,72,1,0,1,1,2024-05-24 21:00:00,Adult Browser,Middle East,Referral,2.2.1
110693,2023-01-16,65,iOS,"ProductDetail,ColorPicker,Search,ProductList,Notifications",9,53,0,1,0,1,2023-01-16 14:00:00,Senior Buyer,North America,Paid Search,2.0.8
110694,2022-07-01,19,iOS,"PaymentMethods,ProductList,WishList,ProductDetail,CategoryBrowse,Checkout,Home,ShoppingCart",1,10,0,1,1,1,2022-07-01 10:00:00,Senior Browser,Europe,Paid Search,2.0.6
110695,2024-01-30,75,Android,"CategoryBrowse,PaymentMethods,Notifications,ReturnPolicy,OrderTracking,ShoppingCart",4,39,1,1,0,1,2024-01-30 20:00:00,Young Buyer,Asia Pacific,Email Campaign,2.3.1
110696,2023-06-06,42,Android,"Account,Notifications,OrderTracking,Checkout,Search",10,11,1,0,1,1,2023-06-06 15:00:00,Senior Buyer,Latin America,Referral,2.2.1
110697,2024-12-08,37,iOS,"Reviews,ColorPicker,PaymentMethods,Notifications,Checkout,ProductList,Home,ShoppingCart,Account",6,12,1,0,0,1,2024-12-08 17:00:00,Adult Browser,Latin America,Organic Search,2.1.0
110698,2023-05-11,28,iOS,"ReturnPolicy,Search,CategoryBrowse,PaymentMethods,Help,Promotions,ProductDetail",8,76,0,1,1,1,2023-05-11 16:00:00,Young Buyer,Middle East,Paid Search,2.0.8
110699,2023-04-06,18,iOS,"Promotions,ProductDetail,Account,Notifications,CategoryBrowse,ReturnPolicy,WishList,Help,Search",1,5,1,0,0,1,2023-04-06 19:00:00,Young Buyer,Latin America,Organic Search,2.0.5
110700,2022-10-02,62,Android,"Promotions,ReturnPolicy,Reviews,OrderTracking,ShoppingCart,Notifications,ProductDetail,ColorPicker,ProductList",1,10,1,0,0,1,2022-10-02 09:00:00,Senior Buyer,Latin America,Paid Search,2.0.5
110701,2022-04-27,25,Android,"Help,ShoppingCart,ProductList,Account,Reviews,WishList,Notifications,Checkout,ProductDetail",7,29,0,1,1,1,2022-04-27 23:00:00,Adult Browser,Asia Pacific,Referral,2.2.1
110702,2022-12-23,46,Android,"WishList,Home,Help,PaymentMethods,Search,Checkout,Promotions,ColorPicker",10,14,0,1,0,1,2022-12-23 11:00:00,Teen Browser,North America,Email Campaign,2.3.1
110703,2024-08-16,75,Android,"Promotions,Home,Notifications,WishList,ColorPicker,Checkout,CategoryBrowse,PaymentMethods",3,26,0,1,1,1,2024-08-16 20:00:00,Adult Browser,Europe,Paid Search,2.1.0
110704,2024-09-28,72,iOS,"Account,ProductList,ShoppingCart,ReturnPolicy,ProductDetail",9,50,1,0,1,1,2024-09-28 14:00:00,Adult Browser,Europe,Organic Search,2.2.1
110705,2022-09-25,34,Android,"Promotions,Account,ProductDetail,Reviews,PaymentMethods,WishList",1,10,0,1,0,1,2022-09-25 04:00:00,Senior Buyer,Middle East,Organic Search,2.0.8
110706,2023-08-20,32,iOS,"OrderTracking,Notifications,Reviews,ProductList,Search",4,32,1,1,1,1,2023-08-20 08:00:00,Senior Browser,Latin America,Email Campaign,2.3.1
110707,2023-05-14,32,iOS,"WishList,Promotions,ColorPicker,Checkout,CategoryBrowse,ProductList",3,10,0,0,0,1,2023-05-14 01:00:00,Young Buyer,Middle East,Referral,2.0.8
110708,2024-08-18,37,Android,"Help,ColorPicker,Search,ReturnPolicy,Reviews,Account,Promotions,WishList",10,72,0,0,0,1,2024-08-18 06:00:00,Senior Buyer,Latin America,Email Campaign,2.2.1
110709,2024-04-25,28,iOS,"Account,Reviews,Notifications,Help,PaymentMethods,Checkout,ColorPicker,ProductList,WishList,CategoryBrowse",2,13,0,0,1,1,2024-04-25 04:00:00,Teen Browser,Latin America,Referral,2.2.1
110710,2023-04-01,55,Android,"Promotions,OrderTracking,ProductList,Account,CategoryBrowse,WishList,ProductDetail,PaymentMethods,ShoppingCart,Help",5,8,1,0,1,1,2023-04-01 18:00:00,Senior Browser,Middle East,Email Campaign,2.0.8
110711,2022-09-23,52,Android,"WishList,CategoryBrowse,Help,ShoppingCart,ProductDetail,Checkout",8,17,0,1,0,1,2022-09-23 12:00:00,Senior Browser,North America,Paid Search,2.2.1
110712,2022-07-24,64,Android,"CategoryBrowse,OrderTracking,PaymentMethods,Checkout,WishList,Help",9,18,1,1,0,1,2022-07-24 14:00:00,Senior Buyer,Latin America,Organic Search,2.0.8
110713,2024-07-10,19,Android,"ShoppingCart,PaymentMethods,ReturnPolicy,Checkout,Promotions,Home",10,71,0,1,0,1,2024-07-10 04:00:00,Senior Buyer,Middle East,Referral,2.1.0
110714,2022-06-26,18,iOS,"CategoryBrowse,ShoppingCart,ColorPicker,ProductList,WishList,Checkout,Help",7,64,1,0,1,1,2022-06-26 13:00:00,Senior Buyer,Middle East,Referral,2.2.8
110715,2023-09-23,19,iOS,"ProductList,ReturnPolicy,Notifications,Promotions,ShoppingCart",4,8,1,0,1,1,2023-09-23 18:00:00,Senior Buyer,Middle East,Social Media,2.0.5
110716,2022-05-31,51,Android,"Home,CategoryBrowse,PaymentMethods,ProductDetail,Checkout,Reviews,Help",7,60,1,1,0,1,2022-05-31 21:00:00,Adult Browser,Latin America,Organic Search,2.0.5
110717,2024-12-12,57,Android,"ProductList,Search,Help,Reviews,Account,ShoppingCart,CategoryBrowse",4,30,0,1,0,1,2024-12-12 14:00:00,Teen Browser,Latin America,Paid Search,2.0.6
110718,2023-05-04,62,iOS,"ProductList,Home,ProductDetail,ColorPicker,Promotions",2,13,1,0,0,1,2023-05-04 09:00:00,Senior Browser,North America,Referral,2.0.6
110719,2022-06-07,19,iOS,"PaymentMethods,ProductDetail,ProductList,Help,ColorPicker,OrderTracking,Checkout,Account",6,47,0,1,1,1,2022-06-07 19:00:00,Adult Browser,Middle East,Organic Search,2.3.1
110720,2024-10-28,19,Android,"CategoryBrowse,ProductDetail,Promotions,Reviews,Checkout,ProductList,Search",1,8,1,1,1,1,2024-10-28 03:00:00,Senior Buyer,North America,Email Campaign,2.0.8
110721,2022-04-05,59,iOS,"Checkout,OrderTracking,Notifications,Search,Reviews,Home,ProductDetail,PaymentMethods,ShoppingCart",3,17,1,0,0,1,2022-04-05 08:00:00,Teen Browser,Asia Pacific,Social Media,2.0.5
110722,2024-04-11,44,iOS,"Promotions,ProductList,CategoryBrowse,Account,Home,PaymentMethods,Search,ShoppingCart,ProductDetail",1,10,0,0,1,1,2024-04-11 10:00:00,Senior Browser,Asia Pacific,Email Campaign,2.0.6
110723,2022-10-29,62,iOS,"ColorPicker,CategoryBrowse,OrderTracking,Notifications,ProductList,Search,ProductDetail,WishList",1,7,1,1,1,1,2022-10-29 23:00:00,Adult Browser,North America,Organic Search,2.2.1
110724,2022-11-27,29,iOS,"Checkout,ReturnPolicy,Account,ColorPicker,Promotions,Search",9,21,1,0,1,1,2022-11-27 01:00:00,Adult Browser,Europe,Social Media,2.0.5
110725,2023-06-09,36,iOS,"PaymentMethods,Notifications,Reviews,ShoppingCart,ColorPicker,CategoryBrowse,Checkout,Home,ReturnPolicy",3,11,1,0,0,1,2023-06-09 22:00:00,Teen Browser,Asia Pacific,Paid Search,2.0.8
110726,2023-04-12,40,Android,"WishList,Home,ColorPicker,CategoryBrowse,Checkout,Help,ProductDetail,ProductList,Search,Promotions",2,8,1,1,0,1,2023-04-12 12:00:00,Young Buyer,Asia Pacific,Referral,2.1.0
110727,2023-02-20,67,Android,"Reviews,Promotions,OrderTracking,Notifications,ColorPicker",2,11,0,1,1,1,2023-02-20 09:00:00,Young Buyer,Asia Pacific,Organic Search,2.1.0
110728,2022-12-18,41,Android,"Promotions,OrderTracking,Notifications,CategoryBrowse,PaymentMethods,ProductList,Help,ColorPicker,Account",9,16,0,0,0,1,2022-12-18 01:00:00,Adult Browser,Asia Pacific,Organic Search,2.0.5
110729,2024-10-13,58,iOS,"Promotions,PaymentMethods,ProductDetail,CategoryBrowse,Reviews,Search,ColorPicker",9,39,1,1,1,1,2024-10-13 16:00:00,Senior Buyer,Middle East,Paid Search,2.0.8
110730,2024-05-11,44,Android,"ProductDetail,OrderTracking,PaymentMethods,Promotions,Checkout,WishList,Notifications,ShoppingCart,Account",10,68,1,1,1,1,2024-05-11 06:00:00,Young Buyer,Middle East,Organic Search,2.1.0
110731,2024-05-05,56,Android,"ColorPicker,PaymentMethods,Notifications,Help,Checkout,Search",8,51,1,0,0,1,2024-05-05 12:00:00,Teen Browser,Latin America,Paid Search,2.1.0
110732,2022-09-19,72,Android,"Home,Promotions,ProductList,WishList,Search",8,68,1,1,1,1,2022-09-19 05:00:00,Adult Browser,Asia Pacific,Paid Search,2.2.8
110733,2024-08-25,29,iOS,"Reviews,Help,CategoryBrowse,ReturnPolicy,ProductDetail,ColorPicker",2,5,1,1,0,1,2024-08-25 14:00:00,Senior Browser,Asia Pacific,Referral,2.0.5
110734,2022-01-20,40,iOS,"ProductDetail,Account,Reviews,Search,Notifications,CategoryBrowse,Promotions,Home",2,16,0,1,0,1,2022-01-20 12:00:00,Adult Browser,Latin America,Organic Search,2.0.6
110735,2024-10-17,37,iOS,"ProductDetail,WishList,Promotions,Notifications,Home",2,16,0,0,0,1,2024-10-17 23:00:00,Teen Browser,Middle East,Paid Search,2.0.5
110736,2022-06-12,52,Android,"ProductDetail,ColorPicker,Account,Search,Promotions",7,64,1,0,1,1,2022-06-12 07:00:00,Senior Browser,North America,Organic Search,2.0.8
110737,2022-04-27,41,Android,"ColorPicker,Search,Reviews,ShoppingCart,WishList,ProductDetail,Notifications,ReturnPolicy,Checkout,CategoryBrowse",1,3,1,0,1,1,2022-04-27 22:00:00,Adult Browser,Asia Pacific,Social Media,2.2.8
110738,2023-05-30,34,iOS,"Home,CategoryBrowse,Checkout,Reviews,ProductList,Help,ColorPicker,Promotions,Account",5,26,0,1,0,1,2023-05-30 15:00:00,Senior Buyer,Middle East,Organic Search,2.0.6
110739,2023-12-24,34,Android,"PaymentMethods,Reviews,ColorPicker,Checkout,Home,Promotions,ReturnPolicy,ProductDetail,ProductList",8,29,0,0,0,1,2023-12-24 02:00:00,Teen Browser,Europe,Social Media,2.0.5
110740,2024-10-24,70,Android,"Notifications,PaymentMethods,OrderTracking,Help,ColorPicker,Checkout,Home,Promotions,ReturnPolicy",5,22,1,0,1,1,2024-10-24 23:00:00,Teen Browser,Latin America,Organic Search,2.3.1
110741,2023-03-31,68,Android,"Notifications,CategoryBrowse,Reviews,PaymentMethods,Promotions",8,21,1,1,0,1,2023-03-31 08:00:00,Senior Buyer,North America,Organic Search,2.0.6
110742,2024-02-16,19,iOS,"Home,ProductDetail,Checkout,Account,Reviews,ShoppingCart,Help,PaymentMethods",7,10,0,0,1,1,2024-02-16 21:00:00,Young Buyer,Europe,Social Media,2.2.1
110743,2024-02-17,52,Android,"OrderTracking,Account,PaymentMethods,ReturnPolicy,Notifications,Reviews",9,69,0,1,0,1,2024-02-17 13:00:00,Senior Buyer,Latin America,Referral,2.0.6
110744,2022-10-28,66,iOS,"CategoryBrowse,ProductList,Promotions,ProductDetail,Reviews,ReturnPolicy,ShoppingCart",5,14,1,1,1,1,2022-10-28 11:00:00,Young Buyer,North America,Organic Search,2.3.1
110745,2022-06-08,19,iOS,"Account,Reviews,PaymentMethods,Checkout,ProductDetail",10,70,0,1,1,1,2022-06-08 12:00:00,Senior Buyer,Middle East,Social Media,2.2.8
110746,2022-03-01,29,Android,"ProductList,Checkout,Home,Account,OrderTracking,Help,ColorPicker,ProductDetail",2,2,0,1,0,1,2022-03-01 01:00:00,Senior Buyer,Europe,Social Media,2.1.0
110747,2023-07-06,48,iOS,"ShoppingCart,Search,Promotions,Account,ReturnPolicy,Notifications,Home,ProductDetail,ProductList,ColorPicker",3,4,0,0,1,1,2023-07-06 01:00:00,Senior Buyer,Latin America,Organic Search,2.0.8
110748,2023-12-29,56,iOS,"Help,ProductList,Home,WishList,ProductDetail,ShoppingCart,Reviews,Notifications",3,3,0,1,0,1,2023-12-29 13:00:00,Teen Browser,North America,Paid Search,2.0.8
110749,2022-09-03,33,Android,"Account,Search,Reviews,PaymentMethods,Promotions",7,40,0,1,1,1,2022-09-03 06:00:00,Young Buyer,Asia Pacific,Referral,2.0.5
110750,2022-08-05,51,Android,"ReturnPolicy,ProductDetail,Account,WishList,ShoppingCart,Notifications,Home,CategoryBrowse",4,40,1,1,0,1,2022-08-05 20:00:00,Senior Browser,Asia Pacific,Referral,2.1.0
110751,2022-06-01,46,iOS,"ProductDetail,Account,ShoppingCart,CategoryBrowse,ReturnPolicy,Home,PaymentMethods",2,3,1,1,1,1,2022-06-01 03:00:00,Teen Browser,Europe,Referral,2.0.8
110752,2023-02-27,37,Android,"ProductList,Notifications,ColorPicker,Reviews,Help,Checkout,Account,WishList,ProductDetail",2,20,1,1,0,1,2023-02-27 12:00:00,Teen Browser,North America,Paid Search,2.0.6
110753,2023-07-27,30,iOS,"Promotions,ProductDetail,Reviews,PaymentMethods,Account",9,69,0,1,0,1,2023-07-27 18:00:00,Young Buyer,Middle East,Organic Search,2.0.5
110754,2024-08-14,49,iOS,"ShoppingCart,Account,Search,Checkout,Reviews,ColorPicker",1,3,1,1,0,1,2024-08-14 19:00:00,Young Buyer,Europe,Social Media,2.3.1
110755,2024-02-06,20,Android,"Help,WishList,Home,Reviews,ShoppingCart,Account,Promotions,ProductDetail,ColorPicker",3,26,1,0,0,1,2024-02-06 03:00:00,Senior Browser,Europe,Social Media,2.0.8
110756,2022-07-08,27,iOS,"CategoryBrowse,Search,Notifications,OrderTracking,ReturnPolicy,Promotions,WishList,ProductList,ProductDetail",4,4,0,0,0,1,2022-07-08 06:00:00,Teen Browser,North America,Referral,2.2.8
110757,2022-05-20,65,iOS,"Notifications,ReturnPolicy,Account,PaymentMethods,Checkout,Reviews,OrderTracking",3,5,0,0,0,1,2022-05-20 10:00:00,Senior Browser,North America,Referral,2.2.8
110758,2022-07-03,26,Android,"ProductDetail,ShoppingCart,Help,CategoryBrowse,Reviews,Account,Promotions",8,25,1,1,1,1,2022-07-03 07:00:00,Senior Buyer,Asia Pacific,Referral,2.2.8
110759,2023-10-13,67,iOS,"CategoryBrowse,Reviews,Account,Search,Promotions,Help,ProductList,Checkout,ShoppingCart",1,7,0,0,1,1,2023-10-13 09:00:00,Teen Browser,North America,Organic Search,2.0.5
110760,2024-10-10,38,iOS,"Checkout,ColorPicker,CategoryBrowse,OrderTracking,ReturnPolicy,ShoppingCart",10,85,0,0,0,1,2024-10-10 16:00:00,Adult Browser,Middle East,Referral,2.0.5
110761,2024-06-06,74,Android,"Search,Account,Reviews,ProductDetail,Home,ProductList",5,14,0,0,0,1,2024-06-06 22:00:00,Adult Browser,Latin America,Organic Search,2.2.8
110762,2022-02-01,30,Android,"Notifications,Reviews,Help,ProductDetail,CategoryBrowse,PaymentMethods,ShoppingCart,ReturnPolicy,Promotions",7,35,0,0,0,1,2022-02-01 02:00:00,Teen Browser,Europe,Paid Search,2.0.5
110763,2024-07-10,30,iOS,"Search,CategoryBrowse,ShoppingCart,Promotions,Account,PaymentMethods,Reviews,ReturnPolicy",4,8,0,1,1,1,2024-07-10 01:00:00,Senior Browser,Middle East,Email Campaign,2.0.6
110764,2023-01-20,23,Android,"Account,ProductList,Home,Search,CategoryBrowse,ReturnPolicy,ColorPicker,Checkout,ProductDetail",7,62,1,0,1,1,2023-01-20 14:00:00,Young Buyer,Asia Pacific,Social Media,2.2.8
110765,2024-05-26,48,iOS,"ColorPicker,CategoryBrowse,Notifications,Account,Promotions",10,80,0,1,1,1,2024-05-26 12:00:00,Teen Browser,Middle East,Referral,2.0.6
110766,2024-06-12,24,Android,"WishList,Checkout,Account,Home,Promotions,OrderTracking,ProductList",9,55,0,1,1,1,2024-06-12 22:00:00,Senior Buyer,Europe,Social Media,2.1.0
110767,2024-12-27,23,Android,"WishList,ShoppingCart,Home,Reviews,ReturnPolicy,ProductDetail",2,12,0,0,0,1,2024-12-27 19:00:00,Senior Buyer,Latin America,Organic Search,2.0.6
110768,2023-06-30,54,iOS,"ProductList,ShoppingCart,ProductDetail,PaymentMethods,Promotions,OrderTracking,WishList,Account,Help",7,40,1,1,1,1,2023-06-30 08:00:00,Adult Browser,Middle East,Organic Search,2.1.0
110769,2022-10-15,47,Android,"ReturnPolicy,Notifications,ColorPicker,Search,ProductDetail,CategoryBrowse,Help,Home,PaymentMethods,Account",2,10,0,0,1,1,2022-10-15 01:00:00,Teen Browser,Europe,Referral,2.2.8
110770,2024-07-21,41,Android,"Checkout,Home,ReturnPolicy,OrderTracking,Reviews,ProductDetail,ShoppingCart,WishList",2,5,1,1,0,1,2024-07-21 03:00:00,Teen Browser,Middle East,Paid Search,2.0.5
110771,2022-06-12,37,iOS,"ProductDetail,Search,Help,Notifications,ProductList,ColorPicker",6,31,0,1,0,1,2022-06-12 13:00:00,Young Buyer,Middle East,Referral,2.2.8
110772,2023-12-13,38,Android,"Search,Help,OrderTracking,WishList,Reviews",7,11,0,1,1,1,2023-12-13 23:00:00,Senior Browser,Middle East,Social Media,2.2.1
110773,2022-12-25,54,iOS,"Search,ReturnPolicy,ProductDetail,ShoppingCart,Notifications,Checkout,PaymentMethods",8,45,0,1,0,1,2022-12-25 19:00:00,Senior Buyer,North America,Referral,2.3.1
110774,2024-10-24,59,Android,"WishList,OrderTracking,Notifications,Help,CategoryBrowse,ShoppingCart,ProductList,ColorPicker",10,71,1,0,0,1,2024-10-24 08:00:00,Adult Browser,Asia Pacific,Referral,2.2.8
110775,2022-05-26,51,iOS,"Help,Notifications,Search,Checkout,Home,OrderTracking,PaymentMethods",4,7,1,1,0,1,2022-05-26 17:00:00,Senior Buyer,Europe,Paid Search,2.0.8
110776,2024-02-03,60,iOS,"Help,ProductDetail,Account,PaymentMethods,ColorPicker",7,41,0,0,1,1,2024-02-03 12:00:00,Adult Browser,Asia Pacific,Social Media,2.2.1
110777,2023-01-06,59,iOS,"PaymentMethods,Checkout,ColorPicker,ReturnPolicy,Home,ProductList,Notifications",8,77,0,0,1,1,2023-01-06 12:00:00,Teen Browser,North America,Email Campaign,2.2.8
110778,2022-06-12,23,Android,"Help,Reviews,Promotions,Search,ShoppingCart,ProductDetail,WishList",10,19,0,0,0,1,2022-06-12 11:00:00,Young Buyer,Europe,Referral,2.0.6
110779,2022-04-14,50,Android,"Account,Search,Promotions,WishList,Notifications,Help,CategoryBrowse,Reviews",2,10,0,0,1,1,2022-04-14 16:00:00,Senior Buyer,Europe,Email Campaign,2.2.1
110780,2023-07-06,44,Android,"PaymentMethods,Checkout,Home,CategoryBrowse,Promotions",8,57,1,0,0,1,2023-07-06 11:00:00,Senior Browser,Latin America,Social Media,2.0.5
110781,2022-02-22,33,iOS,"ColorPicker,ReturnPolicy,Search,ProductList,Checkout,Reviews,CategoryBrowse,ProductDetail",4,29,0,0,1,1,2022-02-22 12:00:00,Teen Browser,Asia Pacific,Organic Search,2.3.1
110782,2024-07-01,19,iOS,"ProductDetail,Search,Notifications,PaymentMethods,ColorPicker,Reviews,Help",3,10,0,1,1,1,2024-07-01 20:00:00,Teen Browser,Middle East,Referral,2.0.5
110783,2022-09-09,35,Android,"ColorPicker,Reviews,Account,Notifications,Search,Checkout,ReturnPolicy,Help",8,59,1,0,1,1,2022-09-09 08:00:00,Young Buyer,Middle East,Social Media,2.2.1
110784,2023-10-20,74,Android,"CategoryBrowse,Home,Search,ProductList,Notifications,PaymentMethods,Checkout",5,6,1,1,1,1,2023-10-20 20:00:00,Teen Browser,Asia Pacific,Paid Search,2.0.8
110785,2022-09-30,57,Android,"Account,Search,PaymentMethods,Notifications,CategoryBrowse",9,70,0,0,1,1,2022-09-30 15:00:00,Teen Browser,Asia Pacific,Organic Search,2.1.0
110786,2022-06-25,54,Android,"Account,ColorPicker,OrderTracking,Search,ProductList",6,20,1,0,1,1,2022-06-25 23:00:00,Senior Browser,Middle East,Social Media,2.1.0
110787,2024-09-27,57,iOS,"Account,Home,ProductDetail,PaymentMethods,Reviews,ProductList,Notifications,Search,OrderTracking",6,14,0,0,0,1,2024-09-27 06:00:00,Adult Browser,Asia Pacific,Referral,2.3.1
110788,2022-06-14,41,iOS,"PaymentMethods,Home,Reviews,WishList,ShoppingCart",1,9,0,0,1,1,2022-06-14 14:00:00,Senior Buyer,Europe,Paid Search,2.0.5
110789,2023-11-02,51,Android,"Notifications,Checkout,WishList,OrderTracking,Reviews,Account,Search",9,18,1,1,1,1,2023-11-02 12:00:00,Senior Browser,Latin America,Paid Search,2.2.8
110790,2024-09-02,60,Android,"PaymentMethods,ColorPicker,Account,ProductList,Home",8,58,1,0,0,1,2024-09-02 07:00:00,Senior Buyer,Middle East,Paid Search,2.0.6
110791,2023-12-12,42,iOS,"CategoryBrowse,Checkout,ProductList,ReturnPolicy,Search",6,46,0,1,1,1,2023-12-12 06:00:00,Senior Browser,North America,Referral,2.0.5
110792,2023-04-07,36,iOS,"Search,Promotions,Account,ProductList,Notifications,Checkout",5,41,1,1,1,1,2023-04-07 02:00:00,Senior Buyer,Middle East,Social Media,2.0.5
110793,2024-07-18,67,iOS,"OrderTracking,Search,CategoryBrowse,ReturnPolicy,Help",7,23,0,0,1,1,2024-07-18 19:00:00,Adult Browser,North America,Organic Search,2.0.5
110794,2022-10-01,49,Android,"Help,ProductList,ReturnPolicy,ColorPicker,WishList",2,6,0,1,1,1,2022-10-01 12:00:00,Adult Browser,Asia Pacific,Referral,2.1.0
110795,2023-04-05,55,Android,"Search,Reviews,Promotions,ReturnPolicy,Home,OrderTracking,ProductList,ShoppingCart,CategoryBrowse",5,49,1,1,1,1,2023-04-05 19:00:00,Senior Buyer,Europe,Email Campaign,2.0.5
110796,2023-01-24,48,iOS,"ColorPicker,Reviews,Checkout,CategoryBrowse,Search,ShoppingCart,Promotions",8,32,0,0,0,1,2023-01-24 04:00:00,Adult Browser,Latin America,Paid Search,2.0.8
110797,2024-06-29,19,Android,"ColorPicker,Help,ReturnPolicy,OrderTracking,Account,ShoppingCart",3,12,0,1,1,1,2024-06-29 09:00:00,Senior Browser,Latin America,Paid Search,2.2.8
110798,2023-08-21,23,iOS,"Account,Search,PaymentMethods,WishList,ProductDetail,ReturnPolicy",6,23,1,1,0,1,2023-08-21 09:00:00,Teen Browser,Asia Pacific,Organic Search,2.3.1
